-- SQL commands generated by contest_creator
INSERT INTO Image (image_url, description) VALUES ('/data_generation/episode_data_generation/images/season_1_episode_1.png', 'This is an image for Episode 1 Season 1');


INSERT INTO Episode (episode_id, season, name, image_id, winner) 
                        VALUES (1, 1, 1, 1214, 29);

INSERT INTO Cook_Episode_Contestants (episode_id, cook_id, recipe_id, rating_1, rating_2, rating_3) 
                        VALUES (1, 29, 31, 5, 5, 1);
INSERT INTO Cook_Episode_Contestants (episode_id, cook_id, recipe_id, rating_1, rating_2, rating_3) 
                        VALUES (1, 73, 95, 5, 3, 1);
INSERT INTO Cook_Episode_Contestants (episode_id, cook_id, recipe_id, rating_1, rating_2, rating_3) 
                        VALUES (1, 67, 1, 4, 3, 1);
INSERT INTO Cook_Episode_Contestants (episode_id, cook_id, recipe_id, rating_1, rating_2, rating_3) 
                        VALUES (1, 92, 88, 5, 1, 5);
INSERT INTO Cook_Episode_Contestants (episode_id, cook_id, recipe_id, rating_1, rating_2, rating_3) 
                        VALUES (1, 90, 98, 4, 4, 3);
INSERT INTO Cook_Episode_Contestants (episode_id, cook_id, recipe_id, rating_1, rating_2, rating_3) 
                        VALUES (1, 86, 97, 5, 2, 3);
INSERT INTO Cook_Episode_Contestants (episode_id, cook_id, recipe_id, rating_1, rating_2, rating_3) 
                        VALUES (1, 51, 2, 4, 3, 4);
INSERT INTO Cook_Episode_Contestants (episode_id, cook_id, recipe_id, rating_1, rating_2, rating_3) 
                        VALUES (1, 82, 8, 3, 1, 3);
INSERT INTO Cook_Episode_Contestants (episode_id, cook_id, recipe_id, rating_1, rating_2, rating_3) 
                        VALUES (1, 63, 82, 2, 1, 2);
INSERT INTO Cook_Episode_Contestants (episode_id, cook_id, recipe_id, rating_1, rating_2, rating_3) 
                        VALUES (1, 77, 44, 1, 2, 5);
INSERT INTO Nationality_Episode (nationality_id, episode_id) VALUES (177, 1);
INSERT INTO Nationality_Episode (nationality_id, episode_id) VALUES (99, 1);
INSERT INTO Nationality_Episode (nationality_id, episode_id) VALUES (75, 1);
INSERT INTO Nationality_Episode (nationality_id, episode_id) VALUES (178, 1);
INSERT INTO Nationality_Episode (nationality_id, episode_id) VALUES (19, 1);
INSERT INTO Nationality_Episode (nationality_id, episode_id) VALUES (125, 1);
INSERT INTO Nationality_Episode (nationality_id, episode_id) VALUES (61, 1);
INSERT INTO Nationality_Episode (nationality_id, episode_id) VALUES (147, 1);
INSERT INTO Nationality_Episode (nationality_id, episode_id) VALUES (56, 1);
INSERT INTO Nationality_Episode (nationality_id, episode_id) VALUES (103, 1);
INSERT INTO Cook_Episode_Judge (episode_id, cook_id, judge_number) VALUES (1, 65, 1);
INSERT INTO Cook_Episode_Judge (episode_id, cook_id, judge_number) VALUES (1, 50, 2);
INSERT INTO Cook_Episode_Judge (episode_id, cook_id, judge_number) VALUES (1, 11, 3);
INSERT INTO Recipe_Cook (recipe_id, cook_id) VALUES (95, 73);

INSERT INTO Recipe_Cook (recipe_id, cook_id) VALUES (98, 90);

INSERT INTO Recipe_Cook (recipe_id, cook_id) VALUES (97, 86);

INSERT INTO Image (image_url, description) VALUES ('/data_generation/episode_data_generation/images/season_1_episode_2.png', 'This is an image for Episode 2 Season 1');


INSERT INTO Episode (episode_id, season, name, image_id, winner) 
                        VALUES (2, 1, 2, 1215, 13);

INSERT INTO Cook_Episode_Contestants (episode_id, cook_id, recipe_id, rating_1, rating_2, rating_3) 
                        VALUES (2, 13, 71, 5, 4, 5);
INSERT INTO Cook_Episode_Contestants (episode_id, cook_id, recipe_id, rating_1, rating_2, rating_3) 
                        VALUES (2, 76, 89, 5, 3, 5);
INSERT INTO Cook_Episode_Contestants (episode_id, cook_id, recipe_id, rating_1, rating_2, rating_3) 
                        VALUES (2, 78, 97, 1, 4, 5);
INSERT INTO Cook_Episode_Contestants (episode_id, cook_id, recipe_id, rating_1, rating_2, rating_3) 
                        VALUES (2, 94, 11, 2, 5, 1);
INSERT INTO Cook_Episode_Contestants (episode_id, cook_id, recipe_id, rating_1, rating_2, rating_3) 
                        VALUES (2, 46, 52, 4, 4, 5);
INSERT INTO Cook_Episode_Contestants (episode_id, cook_id, recipe_id, rating_1, rating_2, rating_3) 
                        VALUES (2, 69, 45, 3, 5, 2);
INSERT INTO Cook_Episode_Contestants (episode_id, cook_id, recipe_id, rating_1, rating_2, rating_3) 
                        VALUES (2, 3, 27, 3, 3, 4);
INSERT INTO Cook_Episode_Contestants (episode_id, cook_id, recipe_id, rating_1, rating_2, rating_3) 
                        VALUES (2, 74, 44, 4, 2, 2);
INSERT INTO Cook_Episode_Contestants (episode_id, cook_id, recipe_id, rating_1, rating_2, rating_3) 
                        VALUES (2, 80, 8, 2, 1, 5);
INSERT INTO Cook_Episode_Contestants (episode_id, cook_id, recipe_id, rating_1, rating_2, rating_3) 
                        VALUES (2, 96, 2, 1, 5, 4);
INSERT INTO Nationality_Episode (nationality_id, episode_id) VALUES (153, 2);
INSERT INTO Nationality_Episode (nationality_id, episode_id) VALUES (71, 2);
INSERT INTO Nationality_Episode (nationality_id, episode_id) VALUES (125, 2);
INSERT INTO Nationality_Episode (nationality_id, episode_id) VALUES (178, 2);
INSERT INTO Nationality_Episode (nationality_id, episode_id) VALUES (56, 2);
INSERT INTO Nationality_Episode (nationality_id, episode_id) VALUES (77, 2);
INSERT INTO Nationality_Episode (nationality_id, episode_id) VALUES (79, 2);
INSERT INTO Nationality_Episode (nationality_id, episode_id) VALUES (103, 2);
INSERT INTO Nationality_Episode (nationality_id, episode_id) VALUES (147, 2);
INSERT INTO Nationality_Episode (nationality_id, episode_id) VALUES (61, 2);
INSERT INTO Cook_Episode_Judge (episode_id, cook_id, judge_number) VALUES (2, 81, 1);
INSERT INTO Cook_Episode_Judge (episode_id, cook_id, judge_number) VALUES (2, 44, 2);
INSERT INTO Cook_Episode_Judge (episode_id, cook_id, judge_number) VALUES (2, 52, 3);
INSERT INTO Recipe_Cook (recipe_id, cook_id) VALUES (71, 13);

INSERT INTO Recipe_Cook (recipe_id, cook_id) VALUES (97, 78);

INSERT INTO Image (image_url, description) VALUES ('/data_generation/episode_data_generation/images/season_1_episode_3.png', 'This is an image for Episode 3 Season 1');


INSERT INTO Episode (episode_id, season, name, image_id, winner) 
                        VALUES (3, 1, 3, 1216, 83);

INSERT INTO Cook_Episode_Contestants (episode_id, cook_id, recipe_id, rating_1, rating_2, rating_3) 
                        VALUES (3, 83, 95, 4, 4, 5);
INSERT INTO Cook_Episode_Contestants (episode_id, cook_id, recipe_id, rating_1, rating_2, rating_3) 
                        VALUES (3, 1, 98, 2, 3, 5);
INSERT INTO Cook_Episode_Contestants (episode_id, cook_id, recipe_id, rating_1, rating_2, rating_3) 
                        VALUES (3, 17, 70, 5, 5, 2);
INSERT INTO Cook_Episode_Contestants (episode_id, cook_id, recipe_id, rating_1, rating_2, rating_3) 
                        VALUES (3, 84, 54, 3, 1, 5);
INSERT INTO Cook_Episode_Contestants (episode_id, cook_id, recipe_id, rating_1, rating_2, rating_3) 
                        VALUES (3, 62, 96, 2, 2, 3);
INSERT INTO Cook_Episode_Contestants (episode_id, cook_id, recipe_id, rating_1, rating_2, rating_3) 
                        VALUES (3, 52, 71, 2, 5, 2);
INSERT INTO Cook_Episode_Contestants (episode_id, cook_id, recipe_id, rating_1, rating_2, rating_3) 
                        VALUES (3, 66, 64, 5, 3, 2);
INSERT INTO Cook_Episode_Contestants (episode_id, cook_id, recipe_id, rating_1, rating_2, rating_3) 
                        VALUES (3, 73, 1, 2, 2, 2);
INSERT INTO Cook_Episode_Contestants (episode_id, cook_id, recipe_id, rating_1, rating_2, rating_3) 
                        VALUES (3, 76, 85, 3, 2, 1);
INSERT INTO Cook_Episode_Contestants (episode_id, cook_id, recipe_id, rating_1, rating_2, rating_3) 
                        VALUES (3, 93, 46, 5, 1, 5);
INSERT INTO Nationality_Episode (nationality_id, episode_id) VALUES (99, 3);
INSERT INTO Nationality_Episode (nationality_id, episode_id) VALUES (19, 3);
INSERT INTO Nationality_Episode (nationality_id, episode_id) VALUES (56, 3);
INSERT INTO Nationality_Episode (nationality_id, episode_id) VALUES (77, 3);
INSERT INTO Nationality_Episode (nationality_id, episode_id) VALUES (160, 3);
INSERT INTO Nationality_Episode (nationality_id, episode_id) VALUES (153, 3);
INSERT INTO Nationality_Episode (nationality_id, episode_id) VALUES (71, 3);
INSERT INTO Nationality_Episode (nationality_id, episode_id) VALUES (75, 3);
INSERT INTO Nationality_Episode (nationality_id, episode_id) VALUES (177, 3);
INSERT INTO Nationality_Episode (nationality_id, episode_id) VALUES (154, 3);
INSERT INTO Cook_Episode_Judge (episode_id, cook_id, judge_number) VALUES (3, 60, 1);
INSERT INTO Cook_Episode_Judge (episode_id, cook_id, judge_number) VALUES (3, 48, 2);
INSERT INTO Cook_Episode_Judge (episode_id, cook_id, judge_number) VALUES (3, 68, 3);
INSERT INTO Recipe_Cook (recipe_id, cook_id) VALUES (95, 83);

INSERT INTO Recipe_Cook (recipe_id, cook_id) VALUES (98, 1);

INSERT INTO Image (image_url, description) VALUES ('/data_generation/episode_data_generation/images/season_1_episode_4.png', 'This is an image for Episode 4 Season 1');


INSERT INTO Episode (episode_id, season, name, image_id, winner) 
                        VALUES (4, 1, 4, 1217, 84);

INSERT INTO Cook_Episode_Contestants (episode_id, cook_id, recipe_id, rating_1, rating_2, rating_3) 
                        VALUES (4, 23, 46, 5, 4, 2);
INSERT INTO Cook_Episode_Contestants (episode_id, cook_id, recipe_id, rating_1, rating_2, rating_3) 
                        VALUES (4, 44, 62, 2, 4, 2);
INSERT INTO Cook_Episode_Contestants (episode_id, cook_id, recipe_id, rating_1, rating_2, rating_3) 
                        VALUES (4, 60, 83, 5, 3, 3);
INSERT INTO Cook_Episode_Contestants (episode_id, cook_id, recipe_id, rating_1, rating_2, rating_3) 
                        VALUES (4, 83, 35, 4, 3, 3);
INSERT INTO Cook_Episode_Contestants (episode_id, cook_id, recipe_id, rating_1, rating_2, rating_3) 
                        VALUES (4, 17, 71, 1, 1, 5);
INSERT INTO Cook_Episode_Contestants (episode_id, cook_id, recipe_id, rating_1, rating_2, rating_3) 
                        VALUES (4, 50, 14, 2, 5, 5);
INSERT INTO Cook_Episode_Contestants (episode_id, cook_id, recipe_id, rating_1, rating_2, rating_3) 
                        VALUES (4, 54, 90, 2, 3, 4);
INSERT INTO Cook_Episode_Contestants (episode_id, cook_id, recipe_id, rating_1, rating_2, rating_3) 
                        VALUES (4, 92, 99, 4, 1, 4);
INSERT INTO Cook_Episode_Contestants (episode_id, cook_id, recipe_id, rating_1, rating_2, rating_3) 
                        VALUES (4, 84, 95, 3, 5, 5);
INSERT INTO Cook_Episode_Contestants (episode_id, cook_id, recipe_id, rating_1, rating_2, rating_3) 
                        VALUES (4, 40, 26, 3, 2, 1);
INSERT INTO Nationality_Episode (nationality_id, episode_id) VALUES (154, 4);
INSERT INTO Nationality_Episode (nationality_id, episode_id) VALUES (61, 4);
INSERT INTO Nationality_Episode (nationality_id, episode_id) VALUES (77, 4);
INSERT INTO Nationality_Episode (nationality_id, episode_id) VALUES (119, 4);
INSERT INTO Nationality_Episode (nationality_id, episode_id) VALUES (153, 4);
INSERT INTO Nationality_Episode (nationality_id, episode_id) VALUES (178, 4);
INSERT INTO Nationality_Episode (nationality_id, episode_id) VALUES (71, 4);
INSERT INTO Nationality_Episode (nationality_id, episode_id) VALUES (147, 4);
INSERT INTO Nationality_Episode (nationality_id, episode_id) VALUES (99, 4);
INSERT INTO Nationality_Episode (nationality_id, episode_id) VALUES (160, 4);
INSERT INTO Cook_Episode_Judge (episode_id, cook_id, judge_number) VALUES (4, 12, 1);
INSERT INTO Cook_Episode_Judge (episode_id, cook_id, judge_number) VALUES (4, 32, 2);
INSERT INTO Cook_Episode_Judge (episode_id, cook_id, judge_number) VALUES (4, 11, 3);
INSERT INTO Recipe_Cook (recipe_id, cook_id) VALUES (95, 84);

INSERT INTO Image (image_url, description) VALUES ('/data_generation/episode_data_generation/images/season_1_episode_5.png', 'This is an image for Episode 5 Season 1');


INSERT INTO Episode (episode_id, season, name, image_id, winner) 
                        VALUES (5, 1, 5, 1218, 36);

INSERT INTO Cook_Episode_Contestants (episode_id, cook_id, recipe_id, rating_1, rating_2, rating_3) 
                        VALUES (5, 18, 7, 5, 5, 2);
INSERT INTO Cook_Episode_Contestants (episode_id, cook_id, recipe_id, rating_1, rating_2, rating_3) 
                        VALUES (5, 36, 35, 5, 5, 5);
INSERT INTO Cook_Episode_Contestants (episode_id, cook_id, recipe_id, rating_1, rating_2, rating_3) 
                        VALUES (5, 92, 63, 2, 1, 5);
INSERT INTO Cook_Episode_Contestants (episode_id, cook_id, recipe_id, rating_1, rating_2, rating_3) 
                        VALUES (5, 32, 62, 1, 5, 4);
INSERT INTO Cook_Episode_Contestants (episode_id, cook_id, recipe_id, rating_1, rating_2, rating_3) 
                        VALUES (5, 81, 76, 4, 1, 1);
INSERT INTO Cook_Episode_Contestants (episode_id, cook_id, recipe_id, rating_1, rating_2, rating_3) 
                        VALUES (5, 57, 46, 3, 1, 5);
INSERT INTO Cook_Episode_Contestants (episode_id, cook_id, recipe_id, rating_1, rating_2, rating_3) 
                        VALUES (5, 13, 26, 2, 5, 4);
INSERT INTO Cook_Episode_Contestants (episode_id, cook_id, recipe_id, rating_1, rating_2, rating_3) 
                        VALUES (5, 98, 97, 5, 4, 4);
INSERT INTO Cook_Episode_Contestants (episode_id, cook_id, recipe_id, rating_1, rating_2, rating_3) 
                        VALUES (5, 43, 69, 4, 4, 5);
INSERT INTO Cook_Episode_Contestants (episode_id, cook_id, recipe_id, rating_1, rating_2, rating_3) 
                        VALUES (5, 71, 18, 1, 2, 4);
INSERT INTO Nationality_Episode (nationality_id, episode_id) VALUES (147, 5);
INSERT INTO Nationality_Episode (nationality_id, episode_id) VALUES (119, 5);
INSERT INTO Nationality_Episode (nationality_id, episode_id) VALUES (34, 5);
INSERT INTO Nationality_Episode (nationality_id, episode_id) VALUES (61, 5);
INSERT INTO Nationality_Episode (nationality_id, episode_id) VALUES (177, 5);
INSERT INTO Nationality_Episode (nationality_id, episode_id) VALUES (154, 5);
INSERT INTO Nationality_Episode (nationality_id, episode_id) VALUES (160, 5);
INSERT INTO Nationality_Episode (nationality_id, episode_id) VALUES (125, 5);
INSERT INTO Nationality_Episode (nationality_id, episode_id) VALUES (56, 5);
INSERT INTO Nationality_Episode (nationality_id, episode_id) VALUES (178, 5);
INSERT INTO Cook_Episode_Judge (episode_id, cook_id, judge_number) VALUES (5, 42, 1);
INSERT INTO Cook_Episode_Judge (episode_id, cook_id, judge_number) VALUES (5, 50, 2);
INSERT INTO Cook_Episode_Judge (episode_id, cook_id, judge_number) VALUES (5, 80, 3);
INSERT INTO Recipe_Cook (recipe_id, cook_id) VALUES (97, 98);

INSERT INTO Image (image_url, description) VALUES ('/data_generation/episode_data_generation/images/season_1_episode_6.png', 'This is an image for Episode 6 Season 1');


INSERT INTO Episode (episode_id, season, name, image_id, winner) 
                        VALUES (6, 1, 6, 1219, 20);

INSERT INTO Cook_Episode_Contestants (episode_id, cook_id, recipe_id, rating_1, rating_2, rating_3) 
                        VALUES (6, 38, 63, 4, 3, 2);
INSERT INTO Cook_Episode_Contestants (episode_id, cook_id, recipe_id, rating_1, rating_2, rating_3) 
                        VALUES (6, 65, 47, 1, 3, 5);
INSERT INTO Cook_Episode_Contestants (episode_id, cook_id, recipe_id, rating_1, rating_2, rating_3) 
                        VALUES (6, 33, 98, 3, 4, 2);
INSERT INTO Cook_Episode_Contestants (episode_id, cook_id, recipe_id, rating_1, rating_2, rating_3) 
                        VALUES (6, 37, 44, 2, 4, 1);
INSERT INTO Cook_Episode_Contestants (episode_id, cook_id, recipe_id, rating_1, rating_2, rating_3) 
                        VALUES (6, 84, 95, 5, 1, 3);
INSERT INTO Cook_Episode_Contestants (episode_id, cook_id, recipe_id, rating_1, rating_2, rating_3) 
                        VALUES (6, 44, 71, 3, 2, 2);
INSERT INTO Cook_Episode_Contestants (episode_id, cook_id, recipe_id, rating_1, rating_2, rating_3) 
                        VALUES (6, 8, 64, 1, 2, 3);
INSERT INTO Cook_Episode_Contestants (episode_id, cook_id, recipe_id, rating_1, rating_2, rating_3) 
                        VALUES (6, 91, 1, 5, 1, 1);
INSERT INTO Cook_Episode_Contestants (episode_id, cook_id, recipe_id, rating_1, rating_2, rating_3) 
                        VALUES (6, 79, 55, 2, 4, 2);
INSERT INTO Cook_Episode_Contestants (episode_id, cook_id, recipe_id, rating_1, rating_2, rating_3) 
                        VALUES (6, 20, 52, 4, 4, 3);
INSERT INTO Nationality_Episode (nationality_id, episode_id) VALUES (34, 6);
INSERT INTO Nationality_Episode (nationality_id, episode_id) VALUES (79, 6);
INSERT INTO Nationality_Episode (nationality_id, episode_id) VALUES (19, 6);
INSERT INTO Nationality_Episode (nationality_id, episode_id) VALUES (103, 6);
INSERT INTO Nationality_Episode (nationality_id, episode_id) VALUES (99, 6);
INSERT INTO Nationality_Episode (nationality_id, episode_id) VALUES (153, 6);
INSERT INTO Nationality_Episode (nationality_id, episode_id) VALUES (71, 6);
INSERT INTO Nationality_Episode (nationality_id, episode_id) VALUES (75, 6);
INSERT INTO Nationality_Episode (nationality_id, episode_id) VALUES (77, 6);
INSERT INTO Nationality_Episode (nationality_id, episode_id) VALUES (56, 6);
INSERT INTO Cook_Episode_Judge (episode_id, cook_id, judge_number) VALUES (6, 24, 1);
INSERT INTO Cook_Episode_Judge (episode_id, cook_id, judge_number) VALUES (6, 72, 2);
INSERT INTO Cook_Episode_Judge (episode_id, cook_id, judge_number) VALUES (6, 95, 3);
INSERT INTO Recipe_Cook (recipe_id, cook_id) VALUES (98, 33);

INSERT INTO Image (image_url, description) VALUES ('/data_generation/episode_data_generation/images/season_1_episode_7.png', 'This is an image for Episode 7 Season 1');


INSERT INTO Episode (episode_id, season, name, image_id, winner) 
                        VALUES (7, 1, 7, 1220, 2);

INSERT INTO Cook_Episode_Contestants (episode_id, cook_id, recipe_id, rating_1, rating_2, rating_3) 
                        VALUES (7, 90, 98, 5, 1, 2);
INSERT INTO Cook_Episode_Contestants (episode_id, cook_id, recipe_id, rating_1, rating_2, rating_3) 
                        VALUES (7, 44, 63, 1, 2, 5);
INSERT INTO Cook_Episode_Contestants (episode_id, cook_id, recipe_id, rating_1, rating_2, rating_3) 
                        VALUES (7, 86, 97, 5, 5, 2);
INSERT INTO Cook_Episode_Contestants (episode_id, cook_id, recipe_id, rating_1, rating_2, rating_3) 
                        VALUES (7, 95, 8, 1, 2, 4);
INSERT INTO Cook_Episode_Contestants (episode_id, cook_id, recipe_id, rating_1, rating_2, rating_3) 
                        VALUES (7, 84, 95, 2, 2, 5);
INSERT INTO Cook_Episode_Contestants (episode_id, cook_id, recipe_id, rating_1, rating_2, rating_3) 
                        VALUES (7, 47, 6, 4, 3, 1);
INSERT INTO Cook_Episode_Contestants (episode_id, cook_id, recipe_id, rating_1, rating_2, rating_3) 
                        VALUES (7, 2, 44, 4, 5, 4);
INSERT INTO Cook_Episode_Contestants (episode_id, cook_id, recipe_id, rating_1, rating_2, rating_3) 
                        VALUES (7, 54, 96, 1, 1, 4);
INSERT INTO Cook_Episode_Contestants (episode_id, cook_id, recipe_id, rating_1, rating_2, rating_3) 
                        VALUES (7, 23, 46, 5, 3, 4);
INSERT INTO Cook_Episode_Contestants (episode_id, cook_id, recipe_id, rating_1, rating_2, rating_3) 
                        VALUES (7, 52, 71, 2, 3, 3);
INSERT INTO Nationality_Episode (nationality_id, episode_id) VALUES (19, 7);
INSERT INTO Nationality_Episode (nationality_id, episode_id) VALUES (34, 7);
INSERT INTO Nationality_Episode (nationality_id, episode_id) VALUES (125, 7);
INSERT INTO Nationality_Episode (nationality_id, episode_id) VALUES (147, 7);
INSERT INTO Nationality_Episode (nationality_id, episode_id) VALUES (99, 7);
INSERT INTO Nationality_Episode (nationality_id, episode_id) VALUES (110, 7);
INSERT INTO Nationality_Episode (nationality_id, episode_id) VALUES (103, 7);
INSERT INTO Nationality_Episode (nationality_id, episode_id) VALUES (160, 7);
INSERT INTO Nationality_Episode (nationality_id, episode_id) VALUES (154, 7);
INSERT INTO Nationality_Episode (nationality_id, episode_id) VALUES (153, 7);
INSERT INTO Cook_Episode_Judge (episode_id, cook_id, judge_number) VALUES (7, 93, 1);
INSERT INTO Cook_Episode_Judge (episode_id, cook_id, judge_number) VALUES (7, 99, 2);
INSERT INTO Cook_Episode_Judge (episode_id, cook_id, judge_number) VALUES (7, 34, 3);
INSERT INTO Recipe_Cook (recipe_id, cook_id) VALUES (6, 47);

INSERT INTO Image (image_url, description) VALUES ('/data_generation/episode_data_generation/images/season_1_episode_8.png', 'This is an image for Episode 8 Season 1');


INSERT INTO Episode (episode_id, season, name, image_id, winner) 
                        VALUES (8, 1, 8, 1221, 13);

INSERT INTO Cook_Episode_Contestants (episode_id, cook_id, recipe_id, rating_1, rating_2, rating_3) 
                        VALUES (8, 78, 97, 4, 2, 1);
INSERT INTO Cook_Episode_Contestants (episode_id, cook_id, recipe_id, rating_1, rating_2, rating_3) 
                        VALUES (8, 13, 71, 5, 5, 2);
INSERT INTO Cook_Episode_Contestants (episode_id, cook_id, recipe_id, rating_1, rating_2, rating_3) 
                        VALUES (8, 82, 68, 5, 2, 1);
INSERT INTO Cook_Episode_Contestants (episode_id, cook_id, recipe_id, rating_1, rating_2, rating_3) 
                        VALUES (8, 56, 59, 3, 4, 3);
INSERT INTO Cook_Episode_Contestants (episode_id, cook_id, recipe_id, rating_1, rating_2, rating_3) 
                        VALUES (8, 31, 46, 2, 4, 4);
INSERT INTO Cook_Episode_Contestants (episode_id, cook_id, recipe_id, rating_1, rating_2, rating_3) 
                        VALUES (8, 33, 98, 1, 2, 2);
INSERT INTO Cook_Episode_Contestants (episode_id, cook_id, recipe_id, rating_1, rating_2, rating_3) 
                        VALUES (8, 73, 96, 2, 3, 4);
INSERT INTO Cook_Episode_Contestants (episode_id, cook_id, recipe_id, rating_1, rating_2, rating_3) 
                        VALUES (8, 46, 2, 3, 3, 4);
INSERT INTO Cook_Episode_Contestants (episode_id, cook_id, recipe_id, rating_1, rating_2, rating_3) 
                        VALUES (8, 50, 1, 2, 1, 1);
INSERT INTO Cook_Episode_Contestants (episode_id, cook_id, recipe_id, rating_1, rating_2, rating_3) 
                        VALUES (8, 4, 29, 5, 3, 1);
INSERT INTO Nationality_Episode (nationality_id, episode_id) VALUES (125, 8);
INSERT INTO Nationality_Episode (nationality_id, episode_id) VALUES (153, 8);
INSERT INTO Nationality_Episode (nationality_id, episode_id) VALUES (56, 8);
INSERT INTO Nationality_Episode (nationality_id, episode_id) VALUES (177, 8);
INSERT INTO Nationality_Episode (nationality_id, episode_id) VALUES (154, 8);
INSERT INTO Nationality_Episode (nationality_id, episode_id) VALUES (19, 8);
INSERT INTO Nationality_Episode (nationality_id, episode_id) VALUES (160, 8);
INSERT INTO Nationality_Episode (nationality_id, episode_id) VALUES (61, 8);
INSERT INTO Nationality_Episode (nationality_id, episode_id) VALUES (75, 8);
INSERT INTO Nationality_Episode (nationality_id, episode_id) VALUES (146, 8);
INSERT INTO Cook_Episode_Judge (episode_id, cook_id, judge_number) VALUES (8, 52, 1);
INSERT INTO Cook_Episode_Judge (episode_id, cook_id, judge_number) VALUES (8, 98, 2);
INSERT INTO Cook_Episode_Judge (episode_id, cook_id, judge_number) VALUES (8, 94, 3);
INSERT INTO Image (image_url, description) VALUES ('/data_generation/episode_data_generation/images/season_1_episode_9.png', 'This is an image for Episode 9 Season 1');


INSERT INTO Episode (episode_id, season, name, image_id, winner) 
                        VALUES (9, 1, 9, 1222, 97);

INSERT INTO Cook_Episode_Contestants (episode_id, cook_id, recipe_id, rating_1, rating_2, rating_3) 
                        VALUES (9, 93, 44, 2, 5, 3);
INSERT INTO Cook_Episode_Contestants (episode_id, cook_id, recipe_id, rating_1, rating_2, rating_3) 
                        VALUES (9, 84, 95, 5, 2, 2);
INSERT INTO Cook_Episode_Contestants (episode_id, cook_id, recipe_id, rating_1, rating_2, rating_3) 
                        VALUES (9, 55, 97, 2, 1, 4);
INSERT INTO Cook_Episode_Contestants (episode_id, cook_id, recipe_id, rating_1, rating_2, rating_3) 
                        VALUES (9, 78, 66, 1, 5, 3);
INSERT INTO Cook_Episode_Contestants (episode_id, cook_id, recipe_id, rating_1, rating_2, rating_3) 
                        VALUES (9, 31, 68, 3, 4, 1);
INSERT INTO Cook_Episode_Contestants (episode_id, cook_id, recipe_id, rating_1, rating_2, rating_3) 
                        VALUES (9, 97, 47, 3, 4, 5);
INSERT INTO Cook_Episode_Contestants (episode_id, cook_id, recipe_id, rating_1, rating_2, rating_3) 
                        VALUES (9, 45, 26, 1, 1, 2);
INSERT INTO Cook_Episode_Contestants (episode_id, cook_id, recipe_id, rating_1, rating_2, rating_3) 
                        VALUES (9, 12, 10, 4, 1, 5);
INSERT INTO Cook_Episode_Contestants (episode_id, cook_id, recipe_id, rating_1, rating_2, rating_3) 
                        VALUES (9, 7, 49, 4, 4, 1);
INSERT INTO Cook_Episode_Contestants (episode_id, cook_id, recipe_id, rating_1, rating_2, rating_3) 
                        VALUES (9, 16, 4, 3, 3, 3);
INSERT INTO Nationality_Episode (nationality_id, episode_id) VALUES (103, 9);
INSERT INTO Nationality_Episode (nationality_id, episode_id) VALUES (99, 9);
INSERT INTO Nationality_Episode (nationality_id, episode_id) VALUES (125, 9);
INSERT INTO Nationality_Episode (nationality_id, episode_id) VALUES (119, 9);
INSERT INTO Nationality_Episode (nationality_id, episode_id) VALUES (56, 9);
INSERT INTO Nationality_Episode (nationality_id, episode_id) VALUES (79, 9);
INSERT INTO Nationality_Episode (nationality_id, episode_id) VALUES (160, 9);
INSERT INTO Nationality_Episode (nationality_id, episode_id) VALUES (177, 9);
INSERT INTO Nationality_Episode (nationality_id, episode_id) VALUES (146, 9);
INSERT INTO Nationality_Episode (nationality_id, episode_id) VALUES (71, 9);
INSERT INTO Cook_Episode_Judge (episode_id, cook_id, judge_number) VALUES (9, 42, 1);
INSERT INTO Cook_Episode_Judge (episode_id, cook_id, judge_number) VALUES (9, 66, 2);
INSERT INTO Cook_Episode_Judge (episode_id, cook_id, judge_number) VALUES (9, 27, 3);
INSERT INTO Recipe_Cook (recipe_id, cook_id) VALUES (97, 55);

INSERT INTO Image (image_url, description) VALUES ('/data_generation/episode_data_generation/images/season_1_episode_10.png', 'This is an image for Episode 10 Season 1');


INSERT INTO Episode (episode_id, season, name, image_id, winner) 
                        VALUES (10, 1, 10, 1223, 56);

INSERT INTO Cook_Episode_Contestants (episode_id, cook_id, recipe_id, rating_1, rating_2, rating_3) 
                        VALUES (10, 9, 7, 3, 3, 3);
INSERT INTO Cook_Episode_Contestants (episode_id, cook_id, recipe_id, rating_1, rating_2, rating_3) 
                        VALUES (10, 56, 49, 3, 5, 5);
INSERT INTO Cook_Episode_Contestants (episode_id, cook_id, recipe_id, rating_1, rating_2, rating_3) 
                        VALUES (10, 51, 10, 4, 2, 3);
INSERT INTO Cook_Episode_Contestants (episode_id, cook_id, recipe_id, rating_1, rating_2, rating_3) 
                        VALUES (10, 34, 1, 4, 2, 1);
INSERT INTO Cook_Episode_Contestants (episode_id, cook_id, recipe_id, rating_1, rating_2, rating_3) 
                        VALUES (10, 37, 63, 2, 3, 2);
INSERT INTO Cook_Episode_Contestants (episode_id, cook_id, recipe_id, rating_1, rating_2, rating_3) 
                        VALUES (10, 50, 50, 3, 4, 5);
INSERT INTO Cook_Episode_Contestants (episode_id, cook_id, recipe_id, rating_1, rating_2, rating_3) 
                        VALUES (10, 47, 54, 2, 4, 1);
INSERT INTO Cook_Episode_Contestants (episode_id, cook_id, recipe_id, rating_1, rating_2, rating_3) 
                        VALUES (10, 11, 27, 1, 1, 3);
INSERT INTO Cook_Episode_Contestants (episode_id, cook_id, recipe_id, rating_1, rating_2, rating_3) 
                        VALUES (10, 90, 98, 4, 2, 3);
INSERT INTO Cook_Episode_Contestants (episode_id, cook_id, recipe_id, rating_1, rating_2, rating_3) 
                        VALUES (10, 31, 46, 1, 1, 1);
INSERT INTO Nationality_Episode (nationality_id, episode_id) VALUES (147, 10);
INSERT INTO Nationality_Episode (nationality_id, episode_id) VALUES (146, 10);
INSERT INTO Nationality_Episode (nationality_id, episode_id) VALUES (177, 10);
INSERT INTO Nationality_Episode (nationality_id, episode_id) VALUES (75, 10);
INSERT INTO Nationality_Episode (nationality_id, episode_id) VALUES (34, 10);
INSERT INTO Nationality_Episode (nationality_id, episode_id) VALUES (178, 10);
INSERT INTO Nationality_Episode (nationality_id, episode_id) VALUES (77, 10);
INSERT INTO Nationality_Episode (nationality_id, episode_id) VALUES (79, 10);
INSERT INTO Nationality_Episode (nationality_id, episode_id) VALUES (19, 10);
INSERT INTO Nationality_Episode (nationality_id, episode_id) VALUES (154, 10);
INSERT INTO Cook_Episode_Judge (episode_id, cook_id, judge_number) VALUES (10, 87, 1);
INSERT INTO Cook_Episode_Judge (episode_id, cook_id, judge_number) VALUES (10, 38, 2);
INSERT INTO Cook_Episode_Judge (episode_id, cook_id, judge_number) VALUES (10, 80, 3);
INSERT INTO Image (image_url, description) VALUES ('/data_generation/episode_data_generation/images/season_2_episode_1.png', 'This is an image for Episode 1 Season 2');


INSERT INTO Episode (episode_id, season, name, image_id, winner) 
                        VALUES (11, 2, 1, 1224, 64);

INSERT INTO Cook_Episode_Contestants (episode_id, cook_id, recipe_id, rating_1, rating_2, rating_3) 
                        VALUES (11, 64, 44, 5, 5, 1);
INSERT INTO Cook_Episode_Contestants (episode_id, cook_id, recipe_id, rating_1, rating_2, rating_3) 
                        VALUES (11, 54, 56, 3, 5, 1);
INSERT INTO Cook_Episode_Contestants (episode_id, cook_id, recipe_id, rating_1, rating_2, rating_3) 
                        VALUES (11, 55, 63, 3, 3, 3);
INSERT INTO Cook_Episode_Contestants (episode_id, cook_id, recipe_id, rating_1, rating_2, rating_3) 
                        VALUES (11, 46, 32, 2, 3, 2);
INSERT INTO Cook_Episode_Contestants (episode_id, cook_id, recipe_id, rating_1, rating_2, rating_3) 
                        VALUES (11, 94, 2, 5, 2, 1);
INSERT INTO Cook_Episode_Contestants (episode_id, cook_id, recipe_id, rating_1, rating_2, rating_3) 
                        VALUES (11, 90, 98, 5, 1, 5);
INSERT INTO Cook_Episode_Contestants (episode_id, cook_id, recipe_id, rating_1, rating_2, rating_3) 
                        VALUES (11, 73, 95, 3, 3, 2);
INSERT INTO Cook_Episode_Contestants (episode_id, cook_id, recipe_id, rating_1, rating_2, rating_3) 
                        VALUES (11, 2, 4, 2, 1, 1);
INSERT INTO Cook_Episode_Contestants (episode_id, cook_id, recipe_id, rating_1, rating_2, rating_3) 
                        VALUES (11, 71, 46, 1, 2, 5);
INSERT INTO Cook_Episode_Contestants (episode_id, cook_id, recipe_id, rating_1, rating_2, rating_3) 
                        VALUES (11, 12, 11, 5, 1, 2);
INSERT INTO Nationality_Episode (nationality_id, episode_id) VALUES (103, 11);
INSERT INTO Nationality_Episode (nationality_id, episode_id) VALUES (77, 11);
INSERT INTO Nationality_Episode (nationality_id, episode_id) VALUES (34, 11);
INSERT INTO Nationality_Episode (nationality_id, episode_id) VALUES (56, 11);
INSERT INTO Nationality_Episode (nationality_id, episode_id) VALUES (61, 11);
INSERT INTO Nationality_Episode (nationality_id, episode_id) VALUES (19, 11);
INSERT INTO Nationality_Episode (nationality_id, episode_id) VALUES (99, 11);
INSERT INTO Nationality_Episode (nationality_id, episode_id) VALUES (71, 11);
INSERT INTO Nationality_Episode (nationality_id, episode_id) VALUES (154, 11);
INSERT INTO Nationality_Episode (nationality_id, episode_id) VALUES (178, 11);
INSERT INTO Cook_Episode_Judge (episode_id, cook_id, judge_number) VALUES (11, 52, 1);
INSERT INTO Cook_Episode_Judge (episode_id, cook_id, judge_number) VALUES (11, 13, 2);
INSERT INTO Cook_Episode_Judge (episode_id, cook_id, judge_number) VALUES (11, 89, 3);
INSERT INTO Image (image_url, description) VALUES ('/data_generation/episode_data_generation/images/season_2_episode_2.png', 'This is an image for Episode 2 Season 2');


INSERT INTO Episode (episode_id, season, name, image_id, winner) 
                        VALUES (12, 2, 2, 1225, 55);

INSERT INTO Cook_Episode_Contestants (episode_id, cook_id, recipe_id, rating_1, rating_2, rating_3) 
                        VALUES (12, 73, 1, 1, 2, 4);
INSERT INTO Cook_Episode_Contestants (episode_id, cook_id, recipe_id, rating_1, rating_2, rating_3) 
                        VALUES (12, 23, 46, 4, 5, 3);
INSERT INTO Cook_Episode_Contestants (episode_id, cook_id, recipe_id, rating_1, rating_2, rating_3) 
                        VALUES (12, 96, 2, 5, 2, 4);
INSERT INTO Cook_Episode_Contestants (episode_id, cook_id, recipe_id, rating_1, rating_2, rating_3) 
                        VALUES (12, 55, 97, 3, 5, 5);
INSERT INTO Cook_Episode_Contestants (episode_id, cook_id, recipe_id, rating_1, rating_2, rating_3) 
                        VALUES (12, 5, 38, 2, 2, 2);
INSERT INTO Cook_Episode_Contestants (episode_id, cook_id, recipe_id, rating_1, rating_2, rating_3) 
                        VALUES (12, 17, 71, 1, 3, 3);
INSERT INTO Cook_Episode_Contestants (episode_id, cook_id, recipe_id, rating_1, rating_2, rating_3) 
                        VALUES (12, 65, 47, 2, 2, 3);
INSERT INTO Cook_Episode_Contestants (episode_id, cook_id, recipe_id, rating_1, rating_2, rating_3) 
                        VALUES (12, 87, 44, 5, 1, 3);
INSERT INTO Cook_Episode_Contestants (episode_id, cook_id, recipe_id, rating_1, rating_2, rating_3) 
                        VALUES (12, 16, 7, 4, 1, 1);
INSERT INTO Cook_Episode_Contestants (episode_id, cook_id, recipe_id, rating_1, rating_2, rating_3) 
                        VALUES (12, 92, 66, 3, 3, 2);
INSERT INTO Nationality_Episode (nationality_id, episode_id) VALUES (75, 12);
INSERT INTO Nationality_Episode (nationality_id, episode_id) VALUES (154, 12);
INSERT INTO Nationality_Episode (nationality_id, episode_id) VALUES (61, 12);
INSERT INTO Nationality_Episode (nationality_id, episode_id) VALUES (125, 12);
INSERT INTO Nationality_Episode (nationality_id, episode_id) VALUES (71, 12);
INSERT INTO Nationality_Episode (nationality_id, episode_id) VALUES (153, 12);
INSERT INTO Nationality_Episode (nationality_id, episode_id) VALUES (79, 12);
INSERT INTO Nationality_Episode (nationality_id, episode_id) VALUES (103, 12);
INSERT INTO Nationality_Episode (nationality_id, episode_id) VALUES (147, 12);
INSERT INTO Nationality_Episode (nationality_id, episode_id) VALUES (119, 12);
INSERT INTO Cook_Episode_Judge (episode_id, cook_id, judge_number) VALUES (12, 3, 1);
INSERT INTO Cook_Episode_Judge (episode_id, cook_id, judge_number) VALUES (12, 39, 2);
INSERT INTO Cook_Episode_Judge (episode_id, cook_id, judge_number) VALUES (12, 61, 3);
INSERT INTO Image (image_url, description) VALUES ('/data_generation/episode_data_generation/images/season_2_episode_3.png', 'This is an image for Episode 3 Season 2');


INSERT INTO Episode (episode_id, season, name, image_id, winner) 
                        VALUES (13, 2, 3, 1226, 98);

INSERT INTO Cook_Episode_Contestants (episode_id, cook_id, recipe_id, rating_1, rating_2, rating_3) 
                        VALUES (13, 10, 65, 2, 2, 3);
INSERT INTO Cook_Episode_Contestants (episode_id, cook_id, recipe_id, rating_1, rating_2, rating_3) 
                        VALUES (13, 19, 18, 3, 5, 1);
INSERT INTO Cook_Episode_Contestants (episode_id, cook_id, recipe_id, rating_1, rating_2, rating_3) 
                        VALUES (13, 33, 98, 2, 1, 4);
INSERT INTO Cook_Episode_Contestants (episode_id, cook_id, recipe_id, rating_1, rating_2, rating_3) 
                        VALUES (13, 98, 97, 5, 5, 2);
INSERT INTO Cook_Episode_Contestants (episode_id, cook_id, recipe_id, rating_1, rating_2, rating_3) 
                        VALUES (13, 13, 7, 5, 1, 2);
INSERT INTO Cook_Episode_Contestants (episode_id, cook_id, recipe_id, rating_1, rating_2, rating_3) 
                        VALUES (13, 44, 63, 3, 2, 3);
INSERT INTO Cook_Episode_Contestants (episode_id, cook_id, recipe_id, rating_1, rating_2, rating_3) 
                        VALUES (13, 3, 49, 4, 1, 5);
INSERT INTO Cook_Episode_Contestants (episode_id, cook_id, recipe_id, rating_1, rating_2, rating_3) 
                        VALUES (13, 12, 1, 3, 2, 5);
INSERT INTO Cook_Episode_Contestants (episode_id, cook_id, recipe_id, rating_1, rating_2, rating_3) 
                        VALUES (13, 88, 52, 2, 4, 2);
INSERT INTO Cook_Episode_Contestants (episode_id, cook_id, recipe_id, rating_1, rating_2, rating_3) 
                        VALUES (13, 39, 96, 2, 3, 1);
INSERT INTO Nationality_Episode (nationality_id, episode_id) VALUES (79, 13);
INSERT INTO Nationality_Episode (nationality_id, episode_id) VALUES (178, 13);
INSERT INTO Nationality_Episode (nationality_id, episode_id) VALUES (19, 13);
INSERT INTO Nationality_Episode (nationality_id, episode_id) VALUES (125, 13);
INSERT INTO Nationality_Episode (nationality_id, episode_id) VALUES (147, 13);
INSERT INTO Nationality_Episode (nationality_id, episode_id) VALUES (34, 13);
INSERT INTO Nationality_Episode (nationality_id, episode_id) VALUES (146, 13);
INSERT INTO Nationality_Episode (nationality_id, episode_id) VALUES (75, 13);
INSERT INTO Nationality_Episode (nationality_id, episode_id) VALUES (56, 13);
INSERT INTO Nationality_Episode (nationality_id, episode_id) VALUES (160, 13);
INSERT INTO Cook_Episode_Judge (episode_id, cook_id, judge_number) VALUES (13, 70, 1);
INSERT INTO Cook_Episode_Judge (episode_id, cook_id, judge_number) VALUES (13, 41, 2);
INSERT INTO Cook_Episode_Judge (episode_id, cook_id, judge_number) VALUES (13, 74, 3);
INSERT INTO Image (image_url, description) VALUES ('/data_generation/episode_data_generation/images/season_2_episode_4.png', 'This is an image for Episode 4 Season 2');


INSERT INTO Episode (episode_id, season, name, image_id, winner) 
                        VALUES (14, 2, 4, 1227, 18);

INSERT INTO Cook_Episode_Contestants (episode_id, cook_id, recipe_id, rating_1, rating_2, rating_3) 
                        VALUES (14, 18, 29, 3, 4, 5);
INSERT INTO Cook_Episode_Contestants (episode_id, cook_id, recipe_id, rating_1, rating_2, rating_3) 
                        VALUES (14, 86, 97, 5, 2, 5);
INSERT INTO Cook_Episode_Contestants (episode_id, cook_id, recipe_id, rating_1, rating_2, rating_3) 
                        VALUES (14, 47, 6, 5, 1, 4);
INSERT INTO Cook_Episode_Contestants (episode_id, cook_id, recipe_id, rating_1, rating_2, rating_3) 
                        VALUES (14, 45, 90, 1, 4, 3);
INSERT INTO Cook_Episode_Contestants (episode_id, cook_id, recipe_id, rating_1, rating_2, rating_3) 
                        VALUES (14, 20, 22, 2, 1, 5);
INSERT INTO Cook_Episode_Contestants (episode_id, cook_id, recipe_id, rating_1, rating_2, rating_3) 
                        VALUES (14, 9, 8, 3, 5, 3);
INSERT INTO Cook_Episode_Contestants (episode_id, cook_id, recipe_id, rating_1, rating_2, rating_3) 
                        VALUES (14, 83, 95, 2, 2, 4);
INSERT INTO Cook_Episode_Contestants (episode_id, cook_id, recipe_id, rating_1, rating_2, rating_3) 
                        VALUES (14, 48, 63, 4, 5, 3);
INSERT INTO Cook_Episode_Contestants (episode_id, cook_id, recipe_id, rating_1, rating_2, rating_3) 
                        VALUES (14, 84, 54, 1, 1, 4);
INSERT INTO Cook_Episode_Contestants (episode_id, cook_id, recipe_id, rating_1, rating_2, rating_3) 
                        VALUES (14, 19, 1, 3, 2, 5);
INSERT INTO Nationality_Episode (nationality_id, episode_id) VALUES (146, 14);
INSERT INTO Nationality_Episode (nationality_id, episode_id) VALUES (125, 14);
INSERT INTO Nationality_Episode (nationality_id, episode_id) VALUES (110, 14);
INSERT INTO Nationality_Episode (nationality_id, episode_id) VALUES (71, 14);
INSERT INTO Nationality_Episode (nationality_id, episode_id) VALUES (56, 14);
INSERT INTO Nationality_Episode (nationality_id, episode_id) VALUES (147, 14);
INSERT INTO Nationality_Episode (nationality_id, episode_id) VALUES (99, 14);
INSERT INTO Nationality_Episode (nationality_id, episode_id) VALUES (34, 14);
INSERT INTO Nationality_Episode (nationality_id, episode_id) VALUES (77, 14);
INSERT INTO Nationality_Episode (nationality_id, episode_id) VALUES (75, 14);
INSERT INTO Cook_Episode_Judge (episode_id, cook_id, judge_number) VALUES (14, 3, 1);
INSERT INTO Cook_Episode_Judge (episode_id, cook_id, judge_number) VALUES (14, 60, 2);
INSERT INTO Cook_Episode_Judge (episode_id, cook_id, judge_number) VALUES (14, 22, 3);
INSERT INTO Image (image_url, description) VALUES ('/data_generation/episode_data_generation/images/season_2_episode_5.png', 'This is an image for Episode 5 Season 2');


INSERT INTO Episode (episode_id, season, name, image_id, winner) 
                        VALUES (15, 2, 5, 1228, 16);

INSERT INTO Cook_Episode_Contestants (episode_id, cook_id, recipe_id, rating_1, rating_2, rating_3) 
                        VALUES (15, 44, 18, 1, 1, 4);
INSERT INTO Cook_Episode_Contestants (episode_id, cook_id, recipe_id, rating_1, rating_2, rating_3) 
                        VALUES (15, 58, 4, 1, 5, 2);
INSERT INTO Cook_Episode_Contestants (episode_id, cook_id, recipe_id, rating_1, rating_2, rating_3) 
                        VALUES (15, 47, 6, 4, 2, 2);
INSERT INTO Cook_Episode_Contestants (episode_id, cook_id, recipe_id, rating_1, rating_2, rating_3) 
                        VALUES (15, 16, 22, 5, 5, 5);
INSERT INTO Cook_Episode_Contestants (episode_id, cook_id, recipe_id, rating_1, rating_2, rating_3) 
                        VALUES (15, 52, 71, 3, 3, 2);
INSERT INTO Cook_Episode_Contestants (episode_id, cook_id, recipe_id, rating_1, rating_2, rating_3) 
                        VALUES (15, 67, 95, 5, 3, 2);
INSERT INTO Cook_Episode_Contestants (episode_id, cook_id, recipe_id, rating_1, rating_2, rating_3) 
                        VALUES (15, 7, 47, 4, 1, 1);
INSERT INTO Cook_Episode_Contestants (episode_id, cook_id, recipe_id, rating_1, rating_2, rating_3) 
                        VALUES (15, 33, 98, 2, 4, 2);
INSERT INTO Cook_Episode_Contestants (episode_id, cook_id, recipe_id, rating_1, rating_2, rating_3) 
                        VALUES (15, 78, 35, 3, 4, 3);
INSERT INTO Cook_Episode_Contestants (episode_id, cook_id, recipe_id, rating_1, rating_2, rating_3) 
                        VALUES (15, 19, 26, 1, 5, 1);
INSERT INTO Nationality_Episode (nationality_id, episode_id) VALUES (178, 15);
INSERT INTO Nationality_Episode (nationality_id, episode_id) VALUES (71, 15);
INSERT INTO Nationality_Episode (nationality_id, episode_id) VALUES (110, 15);
INSERT INTO Nationality_Episode (nationality_id, episode_id) VALUES (56, 15);
INSERT INTO Nationality_Episode (nationality_id, episode_id) VALUES (153, 15);
INSERT INTO Nationality_Episode (nationality_id, episode_id) VALUES (99, 15);
INSERT INTO Nationality_Episode (nationality_id, episode_id) VALUES (79, 15);
INSERT INTO Nationality_Episode (nationality_id, episode_id) VALUES (19, 15);
INSERT INTO Nationality_Episode (nationality_id, episode_id) VALUES (119, 15);
INSERT INTO Nationality_Episode (nationality_id, episode_id) VALUES (160, 15);
INSERT INTO Cook_Episode_Judge (episode_id, cook_id, judge_number) VALUES (15, 98, 1);
INSERT INTO Cook_Episode_Judge (episode_id, cook_id, judge_number) VALUES (15, 64, 2);
INSERT INTO Cook_Episode_Judge (episode_id, cook_id, judge_number) VALUES (15, 56, 3);
INSERT INTO Recipe_Cook (recipe_id, cook_id) VALUES (95, 67);

INSERT INTO Image (image_url, description) VALUES ('/data_generation/episode_data_generation/images/season_2_episode_6.png', 'This is an image for Episode 6 Season 2');


INSERT INTO Episode (episode_id, season, name, image_id, winner) 
                        VALUES (16, 2, 6, 1229, 6);

INSERT INTO Cook_Episode_Contestants (episode_id, cook_id, recipe_id, rating_1, rating_2, rating_3) 
                        VALUES (16, 73, 95, 1, 5, 4);
INSERT INTO Cook_Episode_Contestants (episode_id, cook_id, recipe_id, rating_1, rating_2, rating_3) 
                        VALUES (16, 50, 1, 2, 2, 1);
INSERT INTO Cook_Episode_Contestants (episode_id, cook_id, recipe_id, rating_1, rating_2, rating_3) 
                        VALUES (16, 96, 47, 4, 2, 4);
INSERT INTO Cook_Episode_Contestants (episode_id, cook_id, recipe_id, rating_1, rating_2, rating_3) 
                        VALUES (16, 47, 6, 3, 3, 5);
INSERT INTO Cook_Episode_Contestants (episode_id, cook_id, recipe_id, rating_1, rating_2, rating_3) 
                        VALUES (16, 61, 28, 3, 5, 1);
INSERT INTO Cook_Episode_Contestants (episode_id, cook_id, recipe_id, rating_1, rating_2, rating_3) 
                        VALUES (16, 67, 100, 3, 1, 2);
INSERT INTO Cook_Episode_Contestants (episode_id, cook_id, recipe_id, rating_1, rating_2, rating_3) 
                        VALUES (16, 52, 71, 3, 4, 4);
INSERT INTO Cook_Episode_Contestants (episode_id, cook_id, recipe_id, rating_1, rating_2, rating_3) 
                        VALUES (16, 90, 98, 2, 5, 2);
INSERT INTO Cook_Episode_Contestants (episode_id, cook_id, recipe_id, rating_1, rating_2, rating_3) 
                        VALUES (16, 23, 46, 2, 5, 1);
INSERT INTO Cook_Episode_Contestants (episode_id, cook_id, recipe_id, rating_1, rating_2, rating_3) 
                        VALUES (16, 6, 66, 2, 5, 5);
INSERT INTO Nationality_Episode (nationality_id, episode_id) VALUES (99, 16);
INSERT INTO Nationality_Episode (nationality_id, episode_id) VALUES (75, 16);
INSERT INTO Nationality_Episode (nationality_id, episode_id) VALUES (79, 16);
INSERT INTO Nationality_Episode (nationality_id, episode_id) VALUES (110, 16);
INSERT INTO Nationality_Episode (nationality_id, episode_id) VALUES (71, 16);
INSERT INTO Nationality_Episode (nationality_id, episode_id) VALUES (177, 16);
INSERT INTO Nationality_Episode (nationality_id, episode_id) VALUES (153, 16);
INSERT INTO Nationality_Episode (nationality_id, episode_id) VALUES (19, 16);
INSERT INTO Nationality_Episode (nationality_id, episode_id) VALUES (154, 16);
INSERT INTO Nationality_Episode (nationality_id, episode_id) VALUES (119, 16);
INSERT INTO Cook_Episode_Judge (episode_id, cook_id, judge_number) VALUES (16, 97, 1);
INSERT INTO Cook_Episode_Judge (episode_id, cook_id, judge_number) VALUES (16, 69, 2);
INSERT INTO Cook_Episode_Judge (episode_id, cook_id, judge_number) VALUES (16, 83, 3);
INSERT INTO Image (image_url, description) VALUES ('/data_generation/episode_data_generation/images/season_2_episode_7.png', 'This is an image for Episode 7 Season 2');


INSERT INTO Episode (episode_id, season, name, image_id, winner) 
                        VALUES (17, 2, 7, 1230, 13);

INSERT INTO Cook_Episode_Contestants (episode_id, cook_id, recipe_id, rating_1, rating_2, rating_3) 
                        VALUES (17, 86, 97, 5, 1, 2);
INSERT INTO Cook_Episode_Contestants (episode_id, cook_id, recipe_id, rating_1, rating_2, rating_3) 
                        VALUES (17, 92, 35, 3, 1, 5);
INSERT INTO Cook_Episode_Contestants (episode_id, cook_id, recipe_id, rating_1, rating_2, rating_3) 
                        VALUES (17, 72, 44, 1, 5, 5);
INSERT INTO Cook_Episode_Contestants (episode_id, cook_id, recipe_id, rating_1, rating_2, rating_3) 
                        VALUES (17, 22, 63, 1, 3, 5);
INSERT INTO Cook_Episode_Contestants (episode_id, cook_id, recipe_id, rating_1, rating_2, rating_3) 
                        VALUES (17, 13, 78, 5, 4, 5);
INSERT INTO Cook_Episode_Contestants (episode_id, cook_id, recipe_id, rating_1, rating_2, rating_3) 
                        VALUES (17, 33, 86, 2, 3, 4);
INSERT INTO Cook_Episode_Contestants (episode_id, cook_id, recipe_id, rating_1, rating_2, rating_3) 
                        VALUES (17, 44, 71, 5, 3, 2);
INSERT INTO Cook_Episode_Contestants (episode_id, cook_id, recipe_id, rating_1, rating_2, rating_3) 
                        VALUES (17, 77, 1, 1, 5, 5);
INSERT INTO Cook_Episode_Contestants (episode_id, cook_id, recipe_id, rating_1, rating_2, rating_3) 
                        VALUES (17, 85, 46, 2, 3, 3);
INSERT INTO Cook_Episode_Contestants (episode_id, cook_id, recipe_id, rating_1, rating_2, rating_3) 
                        VALUES (17, 35, 74, 5, 4, 4);
INSERT INTO Nationality_Episode (nationality_id, episode_id) VALUES (125, 17);
INSERT INTO Nationality_Episode (nationality_id, episode_id) VALUES (119, 17);
INSERT INTO Nationality_Episode (nationality_id, episode_id) VALUES (103, 17);
INSERT INTO Nationality_Episode (nationality_id, episode_id) VALUES (34, 17);
INSERT INTO Nationality_Episode (nationality_id, episode_id) VALUES (147, 17);
INSERT INTO Nationality_Episode (nationality_id, episode_id) VALUES (177, 17);
INSERT INTO Nationality_Episode (nationality_id, episode_id) VALUES (153, 17);
INSERT INTO Nationality_Episode (nationality_id, episode_id) VALUES (75, 17);
INSERT INTO Nationality_Episode (nationality_id, episode_id) VALUES (154, 17);
INSERT INTO Nationality_Episode (nationality_id, episode_id) VALUES (56, 17);
INSERT INTO Cook_Episode_Judge (episode_id, cook_id, judge_number) VALUES (17, 100, 1);
INSERT INTO Cook_Episode_Judge (episode_id, cook_id, judge_number) VALUES (17, 75, 2);
INSERT INTO Cook_Episode_Judge (episode_id, cook_id, judge_number) VALUES (17, 1, 3);
INSERT INTO Image (image_url, description) VALUES ('/data_generation/episode_data_generation/images/season_2_episode_8.png', 'This is an image for Episode 8 Season 2');


INSERT INTO Episode (episode_id, season, name, image_id, winner) 
                        VALUES (18, 2, 8, 1231, 46);

INSERT INTO Cook_Episode_Contestants (episode_id, cook_id, recipe_id, rating_1, rating_2, rating_3) 
                        VALUES (18, 20, 2, 2, 1, 2);
INSERT INTO Cook_Episode_Contestants (episode_id, cook_id, recipe_id, rating_1, rating_2, rating_3) 
                        VALUES (18, 90, 98, 1, 3, 4);
INSERT INTO Cook_Episode_Contestants (episode_id, cook_id, recipe_id, rating_1, rating_2, rating_3) 
                        VALUES (18, 99, 99, 4, 2, 1);
INSERT INTO Cook_Episode_Contestants (episode_id, cook_id, recipe_id, rating_1, rating_2, rating_3) 
                        VALUES (18, 31, 69, 4, 2, 3);
INSERT INTO Cook_Episode_Contestants (episode_id, cook_id, recipe_id, rating_1, rating_2, rating_3) 
                        VALUES (18, 47, 6, 1, 1, 3);
INSERT INTO Cook_Episode_Contestants (episode_id, cook_id, recipe_id, rating_1, rating_2, rating_3) 
                        VALUES (18, 73, 95, 5, 4, 1);
INSERT INTO Cook_Episode_Contestants (episode_id, cook_id, recipe_id, rating_1, rating_2, rating_3) 
                        VALUES (18, 46, 20, 1, 5, 5);
INSERT INTO Cook_Episode_Contestants (episode_id, cook_id, recipe_id, rating_1, rating_2, rating_3) 
                        VALUES (18, 40, 26, 2, 1, 4);
INSERT INTO Cook_Episode_Contestants (episode_id, cook_id, recipe_id, rating_1, rating_2, rating_3) 
                        VALUES (18, 21, 48, 5, 1, 2);
INSERT INTO Cook_Episode_Contestants (episode_id, cook_id, recipe_id, rating_1, rating_2, rating_3) 
                        VALUES (18, 35, 49, 5, 3, 2);
INSERT INTO Nationality_Episode (nationality_id, episode_id) VALUES (61, 18);
INSERT INTO Nationality_Episode (nationality_id, episode_id) VALUES (19, 18);
INSERT INTO Nationality_Episode (nationality_id, episode_id) VALUES (147, 18);
INSERT INTO Nationality_Episode (nationality_id, episode_id) VALUES (56, 18);
INSERT INTO Nationality_Episode (nationality_id, episode_id) VALUES (110, 18);
INSERT INTO Nationality_Episode (nationality_id, episode_id) VALUES (99, 18);
INSERT INTO Nationality_Episode (nationality_id, episode_id) VALUES (77, 18);
INSERT INTO Nationality_Episode (nationality_id, episode_id) VALUES (160, 18);
INSERT INTO Nationality_Episode (nationality_id, episode_id) VALUES (178, 18);
INSERT INTO Nationality_Episode (nationality_id, episode_id) VALUES (146, 18);
INSERT INTO Cook_Episode_Judge (episode_id, cook_id, judge_number) VALUES (18, 3, 1);
INSERT INTO Cook_Episode_Judge (episode_id, cook_id, judge_number) VALUES (18, 11, 2);
INSERT INTO Cook_Episode_Judge (episode_id, cook_id, judge_number) VALUES (18, 95, 3);
INSERT INTO Image (image_url, description) VALUES ('/data_generation/episode_data_generation/images/season_2_episode_9.png', 'This is an image for Episode 9 Season 2');


INSERT INTO Episode (episode_id, season, name, image_id, winner) 
                        VALUES (19, 2, 9, 1232, 73);

INSERT INTO Cook_Episode_Contestants (episode_id, cook_id, recipe_id, rating_1, rating_2, rating_3) 
                        VALUES (19, 11, 65, 5, 2, 4);
INSERT INTO Cook_Episode_Contestants (episode_id, cook_id, recipe_id, rating_1, rating_2, rating_3) 
                        VALUES (19, 6, 66, 1, 4, 1);
INSERT INTO Cook_Episode_Contestants (episode_id, cook_id, recipe_id, rating_1, rating_2, rating_3) 
                        VALUES (19, 19, 46, 3, 2, 3);
INSERT INTO Cook_Episode_Contestants (episode_id, cook_id, recipe_id, rating_1, rating_2, rating_3) 
                        VALUES (19, 24, 99, 1, 5, 3);
INSERT INTO Cook_Episode_Contestants (episode_id, cook_id, recipe_id, rating_1, rating_2, rating_3) 
                        VALUES (19, 73, 95, 2, 5, 4);
INSERT INTO Cook_Episode_Contestants (episode_id, cook_id, recipe_id, rating_1, rating_2, rating_3) 
                        VALUES (19, 62, 1, 2, 1, 4);
INSERT INTO Cook_Episode_Contestants (episode_id, cook_id, recipe_id, rating_1, rating_2, rating_3) 
                        VALUES (19, 78, 97, 3, 3, 4);
INSERT INTO Cook_Episode_Contestants (episode_id, cook_id, recipe_id, rating_1, rating_2, rating_3) 
                        VALUES (19, 10, 2, 2, 5, 1);
INSERT INTO Cook_Episode_Contestants (episode_id, cook_id, recipe_id, rating_1, rating_2, rating_3) 
                        VALUES (19, 90, 98, 2, 1, 3);
INSERT INTO Cook_Episode_Contestants (episode_id, cook_id, recipe_id, rating_1, rating_2, rating_3) 
                        VALUES (19, 75, 29, 3, 5, 2);
INSERT INTO Nationality_Episode (nationality_id, episode_id) VALUES (79, 19);
INSERT INTO Nationality_Episode (nationality_id, episode_id) VALUES (119, 19);
INSERT INTO Nationality_Episode (nationality_id, episode_id) VALUES (154, 19);
INSERT INTO Nationality_Episode (nationality_id, episode_id) VALUES (147, 19);
INSERT INTO Nationality_Episode (nationality_id, episode_id) VALUES (99, 19);
INSERT INTO Nationality_Episode (nationality_id, episode_id) VALUES (75, 19);
INSERT INTO Nationality_Episode (nationality_id, episode_id) VALUES (125, 19);
INSERT INTO Nationality_Episode (nationality_id, episode_id) VALUES (61, 19);
INSERT INTO Nationality_Episode (nationality_id, episode_id) VALUES (19, 19);
INSERT INTO Nationality_Episode (nationality_id, episode_id) VALUES (146, 19);
INSERT INTO Cook_Episode_Judge (episode_id, cook_id, judge_number) VALUES (19, 3, 1);
INSERT INTO Cook_Episode_Judge (episode_id, cook_id, judge_number) VALUES (19, 77, 2);
INSERT INTO Cook_Episode_Judge (episode_id, cook_id, judge_number) VALUES (19, 37, 3);
INSERT INTO Image (image_url, description) VALUES ('/data_generation/episode_data_generation/images/season_2_episode_10.png', 'This is an image for Episode 10 Season 2');


INSERT INTO Episode (episode_id, season, name, image_id, winner) 
                        VALUES (20, 2, 10, 1233, 35);

INSERT INTO Cook_Episode_Contestants (episode_id, cook_id, recipe_id, rating_1, rating_2, rating_3) 
                        VALUES (20, 98, 62, 4, 1, 5);
INSERT INTO Cook_Episode_Contestants (episode_id, cook_id, recipe_id, rating_1, rating_2, rating_3) 
                        VALUES (20, 35, 27, 5, 1, 4);
INSERT INTO Cook_Episode_Contestants (episode_id, cook_id, recipe_id, rating_1, rating_2, rating_3) 
                        VALUES (20, 37, 63, 1, 4, 3);
INSERT INTO Cook_Episode_Contestants (episode_id, cook_id, recipe_id, rating_1, rating_2, rating_3) 
                        VALUES (20, 16, 38, 3, 4, 2);
INSERT INTO Cook_Episode_Contestants (episode_id, cook_id, recipe_id, rating_1, rating_2, rating_3) 
                        VALUES (20, 90, 44, 1, 2, 5);
INSERT INTO Cook_Episode_Contestants (episode_id, cook_id, recipe_id, rating_1, rating_2, rating_3) 
                        VALUES (20, 17, 71, 4, 1, 4);
INSERT INTO Cook_Episode_Contestants (episode_id, cook_id, recipe_id, rating_1, rating_2, rating_3) 
                        VALUES (20, 31, 1, 1, 4, 2);
INSERT INTO Cook_Episode_Contestants (episode_id, cook_id, recipe_id, rating_1, rating_2, rating_3) 
                        VALUES (20, 83, 95, 5, 2, 3);
INSERT INTO Cook_Episode_Contestants (episode_id, cook_id, recipe_id, rating_1, rating_2, rating_3) 
                        VALUES (20, 47, 54, 1, 5, 4);
INSERT INTO Cook_Episode_Contestants (episode_id, cook_id, recipe_id, rating_1, rating_2, rating_3) 
                        VALUES (20, 65, 48, 4, 1, 4);
INSERT INTO Nationality_Episode (nationality_id, episode_id) VALUES (61, 20);
INSERT INTO Nationality_Episode (nationality_id, episode_id) VALUES (79, 20);
INSERT INTO Nationality_Episode (nationality_id, episode_id) VALUES (34, 20);
INSERT INTO Nationality_Episode (nationality_id, episode_id) VALUES (71, 20);
INSERT INTO Nationality_Episode (nationality_id, episode_id) VALUES (103, 20);
INSERT INTO Nationality_Episode (nationality_id, episode_id) VALUES (153, 20);
INSERT INTO Nationality_Episode (nationality_id, episode_id) VALUES (75, 20);
INSERT INTO Nationality_Episode (nationality_id, episode_id) VALUES (99, 20);
INSERT INTO Nationality_Episode (nationality_id, episode_id) VALUES (77, 20);
INSERT INTO Nationality_Episode (nationality_id, episode_id) VALUES (178, 20);
INSERT INTO Cook_Episode_Judge (episode_id, cook_id, judge_number) VALUES (20, 74, 1);
INSERT INTO Cook_Episode_Judge (episode_id, cook_id, judge_number) VALUES (20, 45, 2);
INSERT INTO Cook_Episode_Judge (episode_id, cook_id, judge_number) VALUES (20, 51, 3);
INSERT INTO Image (image_url, description) VALUES ('/data_generation/episode_data_generation/images/season_3_episode_1.png', 'This is an image for Episode 1 Season 3');


INSERT INTO Episode (episode_id, season, name, image_id, winner) 
                        VALUES (21, 3, 1, 1234, 41);

INSERT INTO Cook_Episode_Contestants (episode_id, cook_id, recipe_id, rating_1, rating_2, rating_3) 
                        VALUES (21, 31, 63, 5, 4, 1);
INSERT INTO Cook_Episode_Contestants (episode_id, cook_id, recipe_id, rating_1, rating_2, rating_3) 
                        VALUES (21, 3, 98, 3, 1, 2);
INSERT INTO Cook_Episode_Contestants (episode_id, cook_id, recipe_id, rating_1, rating_2, rating_3) 
                        VALUES (21, 1, 66, 3, 5, 2);
INSERT INTO Cook_Episode_Contestants (episode_id, cook_id, recipe_id, rating_1, rating_2, rating_3) 
                        VALUES (21, 41, 57, 3, 5, 4);
INSERT INTO Cook_Episode_Contestants (episode_id, cook_id, recipe_id, rating_1, rating_2, rating_3) 
                        VALUES (21, 24, 100, 2, 5, 2);
INSERT INTO Cook_Episode_Contestants (episode_id, cook_id, recipe_id, rating_1, rating_2, rating_3) 
                        VALUES (21, 4, 71, 5, 1, 5);
INSERT INTO Cook_Episode_Contestants (episode_id, cook_id, recipe_id, rating_1, rating_2, rating_3) 
                        VALUES (21, 66, 8, 4, 1, 3);
INSERT INTO Cook_Episode_Contestants (episode_id, cook_id, recipe_id, rating_1, rating_2, rating_3) 
                        VALUES (21, 47, 6, 3, 5, 1);
INSERT INTO Cook_Episode_Contestants (episode_id, cook_id, recipe_id, rating_1, rating_2, rating_3) 
                        VALUES (21, 70, 46, 1, 2, 4);
INSERT INTO Cook_Episode_Contestants (episode_id, cook_id, recipe_id, rating_1, rating_2, rating_3) 
                        VALUES (21, 73, 1, 3, 1, 5);
INSERT INTO Nationality_Episode (nationality_id, episode_id) VALUES (34, 21);
INSERT INTO Nationality_Episode (nationality_id, episode_id) VALUES (19, 21);
INSERT INTO Nationality_Episode (nationality_id, episode_id) VALUES (119, 21);
INSERT INTO Nationality_Episode (nationality_id, episode_id) VALUES (77, 21);
INSERT INTO Nationality_Episode (nationality_id, episode_id) VALUES (177, 21);
INSERT INTO Nationality_Episode (nationality_id, episode_id) VALUES (153, 21);
INSERT INTO Nationality_Episode (nationality_id, episode_id) VALUES (147, 21);
INSERT INTO Nationality_Episode (nationality_id, episode_id) VALUES (110, 21);
INSERT INTO Nationality_Episode (nationality_id, episode_id) VALUES (154, 21);
INSERT INTO Nationality_Episode (nationality_id, episode_id) VALUES (75, 21);
INSERT INTO Cook_Episode_Judge (episode_id, cook_id, judge_number) VALUES (21, 88, 1);
INSERT INTO Cook_Episode_Judge (episode_id, cook_id, judge_number) VALUES (21, 29, 2);
INSERT INTO Cook_Episode_Judge (episode_id, cook_id, judge_number) VALUES (21, 17, 3);
INSERT INTO Recipe_Cook (recipe_id, cook_id) VALUES (71, 4);

INSERT INTO Image (image_url, description) VALUES ('/data_generation/episode_data_generation/images/season_3_episode_2.png', 'This is an image for Episode 2 Season 3');


INSERT INTO Episode (episode_id, season, name, image_id, winner) 
                        VALUES (22, 3, 2, 1235, 82);

INSERT INTO Cook_Episode_Contestants (episode_id, cook_id, recipe_id, rating_1, rating_2, rating_3) 
                        VALUES (22, 23, 68, 3, 5, 2);
INSERT INTO Cook_Episode_Contestants (episode_id, cook_id, recipe_id, rating_1, rating_2, rating_3) 
                        VALUES (22, 73, 66, 5, 3, 4);
INSERT INTO Cook_Episode_Contestants (episode_id, cook_id, recipe_id, rating_1, rating_2, rating_3) 
                        VALUES (22, 56, 96, 1, 5, 4);
INSERT INTO Cook_Episode_Contestants (episode_id, cook_id, recipe_id, rating_1, rating_2, rating_3) 
                        VALUES (22, 17, 71, 2, 4, 4);
INSERT INTO Cook_Episode_Contestants (episode_id, cook_id, recipe_id, rating_1, rating_2, rating_3) 
                        VALUES (22, 38, 97, 3, 1, 3);
INSERT INTO Cook_Episode_Contestants (episode_id, cook_id, recipe_id, rating_1, rating_2, rating_3) 
                        VALUES (22, 82, 63, 5, 5, 5);
INSERT INTO Cook_Episode_Contestants (episode_id, cook_id, recipe_id, rating_1, rating_2, rating_3) 
                        VALUES (22, 84, 95, 4, 1, 3);
INSERT INTO Cook_Episode_Contestants (episode_id, cook_id, recipe_id, rating_1, rating_2, rating_3) 
                        VALUES (22, 14, 53, 3, 5, 1);
INSERT INTO Cook_Episode_Contestants (episode_id, cook_id, recipe_id, rating_1, rating_2, rating_3) 
                        VALUES (22, 78, 44, 3, 5, 5);
INSERT INTO Cook_Episode_Contestants (episode_id, cook_id, recipe_id, rating_1, rating_2, rating_3) 
                        VALUES (22, 95, 8, 1, 4, 1);
INSERT INTO Nationality_Episode (nationality_id, episode_id) VALUES (56, 22);
INSERT INTO Nationality_Episode (nationality_id, episode_id) VALUES (119, 22);
INSERT INTO Nationality_Episode (nationality_id, episode_id) VALUES (160, 22);
INSERT INTO Nationality_Episode (nationality_id, episode_id) VALUES (153, 22);
INSERT INTO Nationality_Episode (nationality_id, episode_id) VALUES (125, 22);
INSERT INTO Nationality_Episode (nationality_id, episode_id) VALUES (34, 22);
INSERT INTO Nationality_Episode (nationality_id, episode_id) VALUES (99, 22);
INSERT INTO Nationality_Episode (nationality_id, episode_id) VALUES (77, 22);
INSERT INTO Nationality_Episode (nationality_id, episode_id) VALUES (103, 22);
INSERT INTO Nationality_Episode (nationality_id, episode_id) VALUES (147, 22);
INSERT INTO Cook_Episode_Judge (episode_id, cook_id, judge_number) VALUES (22, 4, 1);
INSERT INTO Cook_Episode_Judge (episode_id, cook_id, judge_number) VALUES (22, 5, 2);
INSERT INTO Cook_Episode_Judge (episode_id, cook_id, judge_number) VALUES (22, 91, 3);
INSERT INTO Recipe_Cook (recipe_id, cook_id) VALUES (97, 38);

INSERT INTO Image (image_url, description) VALUES ('/data_generation/episode_data_generation/images/season_3_episode_3.png', 'This is an image for Episode 3 Season 3');


INSERT INTO Episode (episode_id, season, name, image_id, winner) 
                        VALUES (23, 3, 3, 1236, 91);

INSERT INTO Cook_Episode_Contestants (episode_id, cook_id, recipe_id, rating_1, rating_2, rating_3) 
                        VALUES (23, 39, 96, 3, 4, 4);
INSERT INTO Cook_Episode_Contestants (episode_id, cook_id, recipe_id, rating_1, rating_2, rating_3) 
                        VALUES (23, 87, 44, 1, 3, 4);
INSERT INTO Cook_Episode_Contestants (episode_id, cook_id, recipe_id, rating_1, rating_2, rating_3) 
                        VALUES (23, 91, 47, 4, 5, 3);
INSERT INTO Cook_Episode_Contestants (episode_id, cook_id, recipe_id, rating_1, rating_2, rating_3) 
                        VALUES (23, 5, 66, 2, 3, 2);
INSERT INTO Cook_Episode_Contestants (episode_id, cook_id, recipe_id, rating_1, rating_2, rating_3) 
                        VALUES (23, 90, 98, 4, 5, 3);
INSERT INTO Cook_Episode_Contestants (episode_id, cook_id, recipe_id, rating_1, rating_2, rating_3) 
                        VALUES (23, 78, 97, 2, 4, 3);
INSERT INTO Cook_Episode_Contestants (episode_id, cook_id, recipe_id, rating_1, rating_2, rating_3) 
                        VALUES (23, 20, 2, 2, 3, 1);
INSERT INTO Cook_Episode_Contestants (episode_id, cook_id, recipe_id, rating_1, rating_2, rating_3) 
                        VALUES (23, 95, 8, 5, 5, 1);
INSERT INTO Cook_Episode_Contestants (episode_id, cook_id, recipe_id, rating_1, rating_2, rating_3) 
                        VALUES (23, 88, 85, 2, 1, 4);
INSERT INTO Cook_Episode_Contestants (episode_id, cook_id, recipe_id, rating_1, rating_2, rating_3) 
                        VALUES (23, 75, 92, 4, 1, 5);
INSERT INTO Nationality_Episode (nationality_id, episode_id) VALUES (160, 23);
INSERT INTO Nationality_Episode (nationality_id, episode_id) VALUES (103, 23);
INSERT INTO Nationality_Episode (nationality_id, episode_id) VALUES (79, 23);
INSERT INTO Nationality_Episode (nationality_id, episode_id) VALUES (119, 23);
INSERT INTO Nationality_Episode (nationality_id, episode_id) VALUES (19, 23);
INSERT INTO Nationality_Episode (nationality_id, episode_id) VALUES (125, 23);
INSERT INTO Nationality_Episode (nationality_id, episode_id) VALUES (61, 23);
INSERT INTO Nationality_Episode (nationality_id, episode_id) VALUES (147, 23);
INSERT INTO Nationality_Episode (nationality_id, episode_id) VALUES (177, 23);
INSERT INTO Nationality_Episode (nationality_id, episode_id) VALUES (71, 23);
INSERT INTO Cook_Episode_Judge (episode_id, cook_id, judge_number) VALUES (23, 8, 1);
INSERT INTO Cook_Episode_Judge (episode_id, cook_id, judge_number) VALUES (23, 46, 2);
INSERT INTO Cook_Episode_Judge (episode_id, cook_id, judge_number) VALUES (23, 99, 3);
INSERT INTO Image (image_url, description) VALUES ('/data_generation/episode_data_generation/images/season_3_episode_4.png', 'This is an image for Episode 4 Season 3');


INSERT INTO Episode (episode_id, season, name, image_id, winner) 
                        VALUES (24, 3, 4, 1237, 64);

INSERT INTO Cook_Episode_Contestants (episode_id, cook_id, recipe_id, rating_1, rating_2, rating_3) 
                        VALUES (24, 80, 47, 3, 4, 5);
INSERT INTO Cook_Episode_Contestants (episode_id, cook_id, recipe_id, rating_1, rating_2, rating_3) 
                        VALUES (24, 64, 44, 5, 5, 2);
INSERT INTO Cook_Episode_Contestants (episode_id, cook_id, recipe_id, rating_1, rating_2, rating_3) 
                        VALUES (24, 94, 92, 5, 3, 2);
INSERT INTO Cook_Episode_Contestants (episode_id, cook_id, recipe_id, rating_1, rating_2, rating_3) 
                        VALUES (24, 75, 49, 1, 2, 1);
INSERT INTO Cook_Episode_Contestants (episode_id, cook_id, recipe_id, rating_1, rating_2, rating_3) 
                        VALUES (24, 92, 97, 4, 1, 4);
INSERT INTO Cook_Episode_Contestants (episode_id, cook_id, recipe_id, rating_1, rating_2, rating_3) 
                        VALUES (24, 27, 1, 5, 1, 1);
INSERT INTO Cook_Episode_Contestants (episode_id, cook_id, recipe_id, rating_1, rating_2, rating_3) 
                        VALUES (24, 97, 2, 3, 2, 2);
INSERT INTO Cook_Episode_Contestants (episode_id, cook_id, recipe_id, rating_1, rating_2, rating_3) 
                        VALUES (24, 84, 95, 2, 1, 3);
INSERT INTO Cook_Episode_Contestants (episode_id, cook_id, recipe_id, rating_1, rating_2, rating_3) 
                        VALUES (24, 52, 71, 1, 4, 1);
INSERT INTO Cook_Episode_Contestants (episode_id, cook_id, recipe_id, rating_1, rating_2, rating_3) 
                        VALUES (24, 90, 98, 5, 1, 1);
INSERT INTO Nationality_Episode (nationality_id, episode_id) VALUES (79, 24);
INSERT INTO Nationality_Episode (nationality_id, episode_id) VALUES (103, 24);
INSERT INTO Nationality_Episode (nationality_id, episode_id) VALUES (71, 24);
INSERT INTO Nationality_Episode (nationality_id, episode_id) VALUES (146, 24);
INSERT INTO Nationality_Episode (nationality_id, episode_id) VALUES (125, 24);
INSERT INTO Nationality_Episode (nationality_id, episode_id) VALUES (75, 24);
INSERT INTO Nationality_Episode (nationality_id, episode_id) VALUES (61, 24);
INSERT INTO Nationality_Episode (nationality_id, episode_id) VALUES (99, 24);
INSERT INTO Nationality_Episode (nationality_id, episode_id) VALUES (153, 24);
INSERT INTO Nationality_Episode (nationality_id, episode_id) VALUES (19, 24);
INSERT INTO Cook_Episode_Judge (episode_id, cook_id, judge_number) VALUES (24, 4, 1);
INSERT INTO Cook_Episode_Judge (episode_id, cook_id, judge_number) VALUES (24, 5, 2);
INSERT INTO Cook_Episode_Judge (episode_id, cook_id, judge_number) VALUES (24, 48, 3);
INSERT INTO Recipe_Cook (recipe_id, cook_id) VALUES (97, 92);

INSERT INTO Image (image_url, description) VALUES ('/data_generation/episode_data_generation/images/season_3_episode_5.png', 'This is an image for Episode 5 Season 3');


INSERT INTO Episode (episode_id, season, name, image_id, winner) 
                        VALUES (25, 3, 5, 1238, 97);

INSERT INTO Cook_Episode_Contestants (episode_id, cook_id, recipe_id, rating_1, rating_2, rating_3) 
                        VALUES (25, 85, 56, 3, 2, 2);
INSERT INTO Cook_Episode_Contestants (episode_id, cook_id, recipe_id, rating_1, rating_2, rating_3) 
                        VALUES (25, 26, 88, 4, 3, 2);
INSERT INTO Cook_Episode_Contestants (episode_id, cook_id, recipe_id, rating_1, rating_2, rating_3) 
                        VALUES (25, 19, 1, 5, 1, 3);
INSERT INTO Cook_Episode_Contestants (episode_id, cook_id, recipe_id, rating_1, rating_2, rating_3) 
                        VALUES (25, 54, 71, 5, 1, 2);
INSERT INTO Cook_Episode_Contestants (episode_id, cook_id, recipe_id, rating_1, rating_2, rating_3) 
                        VALUES (25, 57, 46, 1, 2, 4);
INSERT INTO Cook_Episode_Contestants (episode_id, cook_id, recipe_id, rating_1, rating_2, rating_3) 
                        VALUES (25, 97, 29, 3, 4, 3);
INSERT INTO Cook_Episode_Contestants (episode_id, cook_id, recipe_id, rating_1, rating_2, rating_3) 
                        VALUES (25, 79, 2, 1, 3, 5);
INSERT INTO Cook_Episode_Contestants (episode_id, cook_id, recipe_id, rating_1, rating_2, rating_3) 
                        VALUES (25, 56, 79, 5, 2, 3);
INSERT INTO Cook_Episode_Contestants (episode_id, cook_id, recipe_id, rating_1, rating_2, rating_3) 
                        VALUES (25, 49, 35, 2, 4, 2);
INSERT INTO Cook_Episode_Contestants (episode_id, cook_id, recipe_id, rating_1, rating_2, rating_3) 
                        VALUES (25, 68, 26, 2, 4, 1);
INSERT INTO Nationality_Episode (nationality_id, episode_id) VALUES (77, 25);
INSERT INTO Nationality_Episode (nationality_id, episode_id) VALUES (178, 25);
INSERT INTO Nationality_Episode (nationality_id, episode_id) VALUES (75, 25);
INSERT INTO Nationality_Episode (nationality_id, episode_id) VALUES (153, 25);
INSERT INTO Nationality_Episode (nationality_id, episode_id) VALUES (154, 25);
INSERT INTO Nationality_Episode (nationality_id, episode_id) VALUES (146, 25);
INSERT INTO Nationality_Episode (nationality_id, episode_id) VALUES (61, 25);
INSERT INTO Nationality_Episode (nationality_id, episode_id) VALUES (177, 25);
INSERT INTO Nationality_Episode (nationality_id, episode_id) VALUES (119, 25);
INSERT INTO Nationality_Episode (nationality_id, episode_id) VALUES (160, 25);
INSERT INTO Cook_Episode_Judge (episode_id, cook_id, judge_number) VALUES (25, 52, 1);
INSERT INTO Cook_Episode_Judge (episode_id, cook_id, judge_number) VALUES (25, 8, 2);
INSERT INTO Cook_Episode_Judge (episode_id, cook_id, judge_number) VALUES (25, 42, 3);
INSERT INTO Recipe_Cook (recipe_id, cook_id) VALUES (71, 54);

INSERT INTO Image (image_url, description) VALUES ('/data_generation/episode_data_generation/images/season_3_episode_6.png', 'This is an image for Episode 6 Season 3');


INSERT INTO Episode (episode_id, season, name, image_id, winner) 
                        VALUES (26, 3, 6, 1239, 24);

INSERT INTO Cook_Episode_Contestants (episode_id, cook_id, recipe_id, rating_1, rating_2, rating_3) 
                        VALUES (26, 60, 35, 4, 1, 2);
INSERT INTO Cook_Episode_Contestants (episode_id, cook_id, recipe_id, rating_1, rating_2, rating_3) 
                        VALUES (26, 85, 60, 4, 2, 3);
INSERT INTO Cook_Episode_Contestants (episode_id, cook_id, recipe_id, rating_1, rating_2, rating_3) 
                        VALUES (26, 13, 71, 5, 2, 3);
INSERT INTO Cook_Episode_Contestants (episode_id, cook_id, recipe_id, rating_1, rating_2, rating_3) 
                        VALUES (26, 24, 10, 3, 5, 2);
INSERT INTO Cook_Episode_Contestants (episode_id, cook_id, recipe_id, rating_1, rating_2, rating_3) 
                        VALUES (26, 86, 4, 4, 1, 4);
INSERT INTO Cook_Episode_Contestants (episode_id, cook_id, recipe_id, rating_1, rating_2, rating_3) 
                        VALUES (26, 59, 63, 3, 1, 1);
INSERT INTO Cook_Episode_Contestants (episode_id, cook_id, recipe_id, rating_1, rating_2, rating_3) 
                        VALUES (26, 1, 98, 4, 4, 1);
INSERT INTO Cook_Episode_Contestants (episode_id, cook_id, recipe_id, rating_1, rating_2, rating_3) 
                        VALUES (26, 12, 1, 1, 4, 1);
INSERT INTO Cook_Episode_Contestants (episode_id, cook_id, recipe_id, rating_1, rating_2, rating_3) 
                        VALUES (26, 38, 97, 3, 3, 2);
INSERT INTO Cook_Episode_Contestants (episode_id, cook_id, recipe_id, rating_1, rating_2, rating_3) 
                        VALUES (26, 92, 78, 2, 1, 1);
INSERT INTO Nationality_Episode (nationality_id, episode_id) VALUES (119, 26);
INSERT INTO Nationality_Episode (nationality_id, episode_id) VALUES (77, 26);
INSERT INTO Nationality_Episode (nationality_id, episode_id) VALUES (153, 26);
INSERT INTO Nationality_Episode (nationality_id, episode_id) VALUES (177, 26);
INSERT INTO Nationality_Episode (nationality_id, episode_id) VALUES (71, 26);
INSERT INTO Nationality_Episode (nationality_id, episode_id) VALUES (34, 26);
INSERT INTO Nationality_Episode (nationality_id, episode_id) VALUES (19, 26);
INSERT INTO Nationality_Episode (nationality_id, episode_id) VALUES (75, 26);
INSERT INTO Nationality_Episode (nationality_id, episode_id) VALUES (125, 26);
INSERT INTO Nationality_Episode (nationality_id, episode_id) VALUES (147, 26);
INSERT INTO Cook_Episode_Judge (episode_id, cook_id, judge_number) VALUES (26, 53, 1);
INSERT INTO Cook_Episode_Judge (episode_id, cook_id, judge_number) VALUES (26, 94, 2);
INSERT INTO Cook_Episode_Judge (episode_id, cook_id, judge_number) VALUES (26, 32, 3);
INSERT INTO Image (image_url, description) VALUES ('/data_generation/episode_data_generation/images/season_3_episode_7.png', 'This is an image for Episode 7 Season 3');


INSERT INTO Episode (episode_id, season, name, image_id, winner) 
                        VALUES (27, 3, 7, 1240, 3);

INSERT INTO Cook_Episode_Contestants (episode_id, cook_id, recipe_id, rating_1, rating_2, rating_3) 
                        VALUES (27, 24, 7, 1, 5, 3);
INSERT INTO Cook_Episode_Contestants (episode_id, cook_id, recipe_id, rating_1, rating_2, rating_3) 
                        VALUES (27, 3, 98, 5, 5, 3);
INSERT INTO Cook_Episode_Contestants (episode_id, cook_id, recipe_id, rating_1, rating_2, rating_3) 
                        VALUES (27, 38, 97, 2, 5, 5);
INSERT INTO Cook_Episode_Contestants (episode_id, cook_id, recipe_id, rating_1, rating_2, rating_3) 
                        VALUES (27, 18, 44, 5, 4, 1);
INSERT INTO Cook_Episode_Contestants (episode_id, cook_id, recipe_id, rating_1, rating_2, rating_3) 
                        VALUES (27, 17, 91, 4, 1, 1);
INSERT INTO Cook_Episode_Contestants (episode_id, cook_id, recipe_id, rating_1, rating_2, rating_3) 
                        VALUES (27, 7, 27, 5, 4, 3);
INSERT INTO Cook_Episode_Contestants (episode_id, cook_id, recipe_id, rating_1, rating_2, rating_3) 
                        VALUES (27, 73, 95, 3, 3, 3);
INSERT INTO Cook_Episode_Contestants (episode_id, cook_id, recipe_id, rating_1, rating_2, rating_3) 
                        VALUES (27, 16, 49, 1, 4, 3);
INSERT INTO Cook_Episode_Contestants (episode_id, cook_id, recipe_id, rating_1, rating_2, rating_3) 
                        VALUES (27, 47, 6, 3, 3, 5);
INSERT INTO Cook_Episode_Contestants (episode_id, cook_id, recipe_id, rating_1, rating_2, rating_3) 
                        VALUES (27, 45, 82, 4, 4, 5);
INSERT INTO Nationality_Episode (nationality_id, episode_id) VALUES (147, 27);
INSERT INTO Nationality_Episode (nationality_id, episode_id) VALUES (19, 27);
INSERT INTO Nationality_Episode (nationality_id, episode_id) VALUES (125, 27);
INSERT INTO Nationality_Episode (nationality_id, episode_id) VALUES (103, 27);
INSERT INTO Nationality_Episode (nationality_id, episode_id) VALUES (71, 27);
INSERT INTO Nationality_Episode (nationality_id, episode_id) VALUES (79, 27);
INSERT INTO Nationality_Episode (nationality_id, episode_id) VALUES (99, 27);
INSERT INTO Nationality_Episode (nationality_id, episode_id) VALUES (146, 27);
INSERT INTO Nationality_Episode (nationality_id, episode_id) VALUES (110, 27);
INSERT INTO Nationality_Episode (nationality_id, episode_id) VALUES (56, 27);
INSERT INTO Cook_Episode_Judge (episode_id, cook_id, judge_number) VALUES (27, 41, 1);
INSERT INTO Cook_Episode_Judge (episode_id, cook_id, judge_number) VALUES (27, 19, 2);
INSERT INTO Cook_Episode_Judge (episode_id, cook_id, judge_number) VALUES (27, 50, 3);
INSERT INTO Image (image_url, description) VALUES ('/data_generation/episode_data_generation/images/season_3_episode_8.png', 'This is an image for Episode 8 Season 3');


INSERT INTO Episode (episode_id, season, name, image_id, winner) 
                        VALUES (28, 3, 8, 1241, 77);

INSERT INTO Cook_Episode_Contestants (episode_id, cook_id, recipe_id, rating_1, rating_2, rating_3) 
                        VALUES (28, 86, 97, 2, 1, 4);
INSERT INTO Cook_Episode_Contestants (episode_id, cook_id, recipe_id, rating_1, rating_2, rating_3) 
                        VALUES (28, 92, 78, 3, 4, 5);
INSERT INTO Cook_Episode_Contestants (episode_id, cook_id, recipe_id, rating_1, rating_2, rating_3) 
                        VALUES (28, 11, 35, 1, 4, 1);
INSERT INTO Cook_Episode_Contestants (episode_id, cook_id, recipe_id, rating_1, rating_2, rating_3) 
                        VALUES (28, 17, 22, 1, 3, 5);
INSERT INTO Cook_Episode_Contestants (episode_id, cook_id, recipe_id, rating_1, rating_2, rating_3) 
                        VALUES (28, 47, 6, 1, 3, 5);
INSERT INTO Cook_Episode_Contestants (episode_id, cook_id, recipe_id, rating_1, rating_2, rating_3) 
                        VALUES (28, 9, 27, 2, 4, 2);
INSERT INTO Cook_Episode_Contestants (episode_id, cook_id, recipe_id, rating_1, rating_2, rating_3) 
                        VALUES (28, 95, 46, 3, 2, 3);
INSERT INTO Cook_Episode_Contestants (episode_id, cook_id, recipe_id, rating_1, rating_2, rating_3) 
                        VALUES (28, 84, 95, 1, 2, 3);
INSERT INTO Cook_Episode_Contestants (episode_id, cook_id, recipe_id, rating_1, rating_2, rating_3) 
                        VALUES (28, 40, 60, 4, 5, 1);
INSERT INTO Cook_Episode_Contestants (episode_id, cook_id, recipe_id, rating_1, rating_2, rating_3) 
                        VALUES (28, 77, 1, 4, 3, 5);
INSERT INTO Nationality_Episode (nationality_id, episode_id) VALUES (125, 28);
INSERT INTO Nationality_Episode (nationality_id, episode_id) VALUES (147, 28);
INSERT INTO Nationality_Episode (nationality_id, episode_id) VALUES (119, 28);
INSERT INTO Nationality_Episode (nationality_id, episode_id) VALUES (56, 28);
INSERT INTO Nationality_Episode (nationality_id, episode_id) VALUES (110, 28);
INSERT INTO Nationality_Episode (nationality_id, episode_id) VALUES (79, 28);
INSERT INTO Nationality_Episode (nationality_id, episode_id) VALUES (154, 28);
INSERT INTO Nationality_Episode (nationality_id, episode_id) VALUES (99, 28);
INSERT INTO Nationality_Episode (nationality_id, episode_id) VALUES (77, 28);
INSERT INTO Nationality_Episode (nationality_id, episode_id) VALUES (75, 28);
INSERT INTO Cook_Episode_Judge (episode_id, cook_id, judge_number) VALUES (28, 4, 1);
INSERT INTO Cook_Episode_Judge (episode_id, cook_id, judge_number) VALUES (28, 5, 2);
INSERT INTO Cook_Episode_Judge (episode_id, cook_id, judge_number) VALUES (28, 81, 3);
INSERT INTO Image (image_url, description) VALUES ('/data_generation/episode_data_generation/images/season_3_episode_9.png', 'This is an image for Episode 9 Season 3');


INSERT INTO Episode (episode_id, season, name, image_id, winner) 
                        VALUES (29, 3, 9, 1242, 6);

INSERT INTO Cook_Episode_Contestants (episode_id, cook_id, recipe_id, rating_1, rating_2, rating_3) 
                        VALUES (29, 73, 95, 5, 1, 2);
INSERT INTO Cook_Episode_Contestants (episode_id, cook_id, recipe_id, rating_1, rating_2, rating_3) 
                        VALUES (29, 93, 44, 4, 4, 1);
INSERT INTO Cook_Episode_Contestants (episode_id, cook_id, recipe_id, rating_1, rating_2, rating_3) 
                        VALUES (29, 1, 98, 4, 3, 4);
INSERT INTO Cook_Episode_Contestants (episode_id, cook_id, recipe_id, rating_1, rating_2, rating_3) 
                        VALUES (29, 96, 29, 4, 1, 1);
INSERT INTO Cook_Episode_Contestants (episode_id, cook_id, recipe_id, rating_1, rating_2, rating_3) 
                        VALUES (29, 61, 96, 1, 5, 1);
INSERT INTO Cook_Episode_Contestants (episode_id, cook_id, recipe_id, rating_1, rating_2, rating_3) 
                        VALUES (29, 41, 23, 5, 2, 4);
INSERT INTO Cook_Episode_Contestants (episode_id, cook_id, recipe_id, rating_1, rating_2, rating_3) 
                        VALUES (29, 12, 1, 5, 2, 5);
INSERT INTO Cook_Episode_Contestants (episode_id, cook_id, recipe_id, rating_1, rating_2, rating_3) 
                        VALUES (29, 6, 91, 5, 5, 4);
INSERT INTO Cook_Episode_Contestants (episode_id, cook_id, recipe_id, rating_1, rating_2, rating_3) 
                        VALUES (29, 44, 71, 5, 3, 4);
INSERT INTO Cook_Episode_Contestants (episode_id, cook_id, recipe_id, rating_1, rating_2, rating_3) 
                        VALUES (29, 95, 46, 1, 2, 3);
INSERT INTO Nationality_Episode (nationality_id, episode_id) VALUES (99, 29);
INSERT INTO Nationality_Episode (nationality_id, episode_id) VALUES (103, 29);
INSERT INTO Nationality_Episode (nationality_id, episode_id) VALUES (19, 29);
INSERT INTO Nationality_Episode (nationality_id, episode_id) VALUES (146, 29);
INSERT INTO Nationality_Episode (nationality_id, episode_id) VALUES (160, 29);
INSERT INTO Nationality_Episode (nationality_id, episode_id) VALUES (77, 29);
INSERT INTO Nationality_Episode (nationality_id, episode_id) VALUES (75, 29);
INSERT INTO Nationality_Episode (nationality_id, episode_id) VALUES (71, 29);
INSERT INTO Nationality_Episode (nationality_id, episode_id) VALUES (153, 29);
INSERT INTO Nationality_Episode (nationality_id, episode_id) VALUES (154, 29);
INSERT INTO Cook_Episode_Judge (episode_id, cook_id, judge_number) VALUES (29, 4, 1);
INSERT INTO Cook_Episode_Judge (episode_id, cook_id, judge_number) VALUES (29, 5, 2);
INSERT INTO Cook_Episode_Judge (episode_id, cook_id, judge_number) VALUES (29, 87, 3);
INSERT INTO Image (image_url, description) VALUES ('/data_generation/episode_data_generation/images/season_3_episode_10.png', 'This is an image for Episode 10 Season 3');


INSERT INTO Episode (episode_id, season, name, image_id, winner) 
                        VALUES (30, 3, 10, 1243, 50);

INSERT INTO Cook_Episode_Contestants (episode_id, cook_id, recipe_id, rating_1, rating_2, rating_3) 
                        VALUES (30, 45, 29, 5, 3, 4);
INSERT INTO Cook_Episode_Contestants (episode_id, cook_id, recipe_id, rating_1, rating_2, rating_3) 
                        VALUES (30, 69, 27, 3, 1, 5);
INSERT INTO Cook_Episode_Contestants (episode_id, cook_id, recipe_id, rating_1, rating_2, rating_3) 
                        VALUES (30, 47, 6, 5, 4, 1);
INSERT INTO Cook_Episode_Contestants (episode_id, cook_id, recipe_id, rating_1, rating_2, rating_3) 
                        VALUES (30, 55, 63, 2, 1, 1);
INSERT INTO Cook_Episode_Contestants (episode_id, cook_id, recipe_id, rating_1, rating_2, rating_3) 
                        VALUES (30, 46, 43, 1, 1, 5);
INSERT INTO Cook_Episode_Contestants (episode_id, cook_id, recipe_id, rating_1, rating_2, rating_3) 
                        VALUES (30, 15, 52, 3, 4, 3);
INSERT INTO Cook_Episode_Contestants (episode_id, cook_id, recipe_id, rating_1, rating_2, rating_3) 
                        VALUES (30, 50, 46, 5, 4, 5);
INSERT INTO Cook_Episode_Contestants (episode_id, cook_id, recipe_id, rating_1, rating_2, rating_3) 
                        VALUES (30, 81, 93, 2, 2, 2);
INSERT INTO Cook_Episode_Contestants (episode_id, cook_id, recipe_id, rating_1, rating_2, rating_3) 
                        VALUES (30, 30, 62, 2, 3, 3);
INSERT INTO Cook_Episode_Contestants (episode_id, cook_id, recipe_id, rating_1, rating_2, rating_3) 
                        VALUES (30, 78, 44, 3, 4, 5);
INSERT INTO Nationality_Episode (nationality_id, episode_id) VALUES (146, 30);
INSERT INTO Nationality_Episode (nationality_id, episode_id) VALUES (79, 30);
INSERT INTO Nationality_Episode (nationality_id, episode_id) VALUES (110, 30);
INSERT INTO Nationality_Episode (nationality_id, episode_id) VALUES (34, 30);
INSERT INTO Nationality_Episode (nationality_id, episode_id) VALUES (77, 30);
INSERT INTO Nationality_Episode (nationality_id, episode_id) VALUES (56, 30);
INSERT INTO Nationality_Episode (nationality_id, episode_id) VALUES (154, 30);
INSERT INTO Nationality_Episode (nationality_id, episode_id) VALUES (177, 30);
INSERT INTO Nationality_Episode (nationality_id, episode_id) VALUES (61, 30);
INSERT INTO Nationality_Episode (nationality_id, episode_id) VALUES (103, 30);
INSERT INTO Cook_Episode_Judge (episode_id, cook_id, judge_number) VALUES (30, 32, 1);
INSERT INTO Cook_Episode_Judge (episode_id, cook_id, judge_number) VALUES (30, 77, 2);
INSERT INTO Cook_Episode_Judge (episode_id, cook_id, judge_number) VALUES (30, 40, 3);
INSERT INTO Image (image_url, description) VALUES ('/data_generation/episode_data_generation/images/season_4_episode_1.png', 'This is an image for Episode 1 Season 4');


INSERT INTO Episode (episode_id, season, name, image_id, winner) 
                        VALUES (31, 4, 1, 1244, 47);

INSERT INTO Cook_Episode_Contestants (episode_id, cook_id, recipe_id, rating_1, rating_2, rating_3) 
                        VALUES (31, 73, 95, 1, 3, 5);
INSERT INTO Cook_Episode_Contestants (episode_id, cook_id, recipe_id, rating_1, rating_2, rating_3) 
                        VALUES (31, 13, 97, 3, 2, 3);
INSERT INTO Cook_Episode_Contestants (episode_id, cook_id, recipe_id, rating_1, rating_2, rating_3) 
                        VALUES (31, 47, 6, 5, 3, 3);
INSERT INTO Cook_Episode_Contestants (episode_id, cook_id, recipe_id, rating_1, rating_2, rating_3) 
                        VALUES (31, 33, 98, 2, 4, 4);
INSERT INTO Cook_Episode_Contestants (episode_id, cook_id, recipe_id, rating_1, rating_2, rating_3) 
                        VALUES (31, 22, 68, 3, 5, 2);
INSERT INTO Cook_Episode_Contestants (episode_id, cook_id, recipe_id, rating_1, rating_2, rating_3) 
                        VALUES (31, 28, 2, 1, 1, 2);
INSERT INTO Cook_Episode_Contestants (episode_id, cook_id, recipe_id, rating_1, rating_2, rating_3) 
                        VALUES (31, 57, 76, 1, 2, 2);
INSERT INTO Cook_Episode_Contestants (episode_id, cook_id, recipe_id, rating_1, rating_2, rating_3) 
                        VALUES (31, 2, 1, 2, 4, 3);
INSERT INTO Cook_Episode_Contestants (episode_id, cook_id, recipe_id, rating_1, rating_2, rating_3) 
                        VALUES (31, 5, 66, 1, 4, 4);
INSERT INTO Cook_Episode_Contestants (episode_id, cook_id, recipe_id, rating_1, rating_2, rating_3) 
                        VALUES (31, 65, 47, 1, 5, 4);
INSERT INTO Nationality_Episode (nationality_id, episode_id) VALUES (99, 31);
INSERT INTO Nationality_Episode (nationality_id, episode_id) VALUES (125, 31);
INSERT INTO Nationality_Episode (nationality_id, episode_id) VALUES (110, 31);
INSERT INTO Nationality_Episode (nationality_id, episode_id) VALUES (19, 31);
INSERT INTO Nationality_Episode (nationality_id, episode_id) VALUES (56, 31);
INSERT INTO Nationality_Episode (nationality_id, episode_id) VALUES (61, 31);
INSERT INTO Nationality_Episode (nationality_id, episode_id) VALUES (177, 31);
INSERT INTO Nationality_Episode (nationality_id, episode_id) VALUES (75, 31);
INSERT INTO Nationality_Episode (nationality_id, episode_id) VALUES (119, 31);
INSERT INTO Nationality_Episode (nationality_id, episode_id) VALUES (79, 31);
INSERT INTO Cook_Episode_Judge (episode_id, cook_id, judge_number) VALUES (31, 6, 1);
INSERT INTO Cook_Episode_Judge (episode_id, cook_id, judge_number) VALUES (31, 7, 2);
INSERT INTO Cook_Episode_Judge (episode_id, cook_id, judge_number) VALUES (31, 97, 3);
INSERT INTO Recipe_Cook (recipe_id, cook_id) VALUES (97, 13);

INSERT INTO Image (image_url, description) VALUES ('/data_generation/episode_data_generation/images/season_4_episode_2.png', 'This is an image for Episode 2 Season 4');


INSERT INTO Episode (episode_id, season, name, image_id, winner) 
                        VALUES (32, 4, 2, 1245, 18);

INSERT INTO Cook_Episode_Contestants (episode_id, cook_id, recipe_id, rating_1, rating_2, rating_3) 
                        VALUES (32, 54, 71, 5, 1, 5);
INSERT INTO Cook_Episode_Contestants (episode_id, cook_id, recipe_id, rating_1, rating_2, rating_3) 
                        VALUES (32, 36, 65, 4, 2, 2);
INSERT INTO Cook_Episode_Contestants (episode_id, cook_id, recipe_id, rating_1, rating_2, rating_3) 
                        VALUES (32, 47, 6, 5, 1, 1);
INSERT INTO Cook_Episode_Contestants (episode_id, cook_id, recipe_id, rating_1, rating_2, rating_3) 
                        VALUES (32, 67, 17, 1, 5, 2);
INSERT INTO Cook_Episode_Contestants (episode_id, cook_id, recipe_id, rating_1, rating_2, rating_3) 
                        VALUES (32, 6, 79, 3, 4, 4);
INSERT INTO Cook_Episode_Contestants (episode_id, cook_id, recipe_id, rating_1, rating_2, rating_3) 
                        VALUES (32, 46, 23, 5, 2, 2);
INSERT INTO Cook_Episode_Contestants (episode_id, cook_id, recipe_id, rating_1, rating_2, rating_3) 
                        VALUES (32, 61, 46, 1, 5, 4);
INSERT INTO Cook_Episode_Contestants (episode_id, cook_id, recipe_id, rating_1, rating_2, rating_3) 
                        VALUES (32, 90, 98, 3, 2, 5);
INSERT INTO Cook_Episode_Contestants (episode_id, cook_id, recipe_id, rating_1, rating_2, rating_3) 
                        VALUES (32, 88, 38, 3, 3, 4);
INSERT INTO Cook_Episode_Contestants (episode_id, cook_id, recipe_id, rating_1, rating_2, rating_3) 
                        VALUES (32, 18, 1, 3, 5, 5);
INSERT INTO Nationality_Episode (nationality_id, episode_id) VALUES (153, 32);
INSERT INTO Nationality_Episode (nationality_id, episode_id) VALUES (79, 32);
INSERT INTO Nationality_Episode (nationality_id, episode_id) VALUES (110, 32);
INSERT INTO Nationality_Episode (nationality_id, episode_id) VALUES (178, 32);
INSERT INTO Nationality_Episode (nationality_id, episode_id) VALUES (177, 32);
INSERT INTO Nationality_Episode (nationality_id, episode_id) VALUES (77, 32);
INSERT INTO Nationality_Episode (nationality_id, episode_id) VALUES (154, 32);
INSERT INTO Nationality_Episode (nationality_id, episode_id) VALUES (19, 32);
INSERT INTO Nationality_Episode (nationality_id, episode_id) VALUES (71, 32);
INSERT INTO Nationality_Episode (nationality_id, episode_id) VALUES (75, 32);
INSERT INTO Cook_Episode_Judge (episode_id, cook_id, judge_number) VALUES (32, 76, 1);
INSERT INTO Cook_Episode_Judge (episode_id, cook_id, judge_number) VALUES (32, 93, 2);
INSERT INTO Cook_Episode_Judge (episode_id, cook_id, judge_number) VALUES (32, 14, 3);
INSERT INTO Image (image_url, description) VALUES ('/data_generation/episode_data_generation/images/season_4_episode_3.png', 'This is an image for Episode 3 Season 4');


INSERT INTO Episode (episode_id, season, name, image_id, winner) 
                        VALUES (33, 4, 3, 1246, 37);

INSERT INTO Cook_Episode_Contestants (episode_id, cook_id, recipe_id, rating_1, rating_2, rating_3) 
                        VALUES (33, 63, 46, 5, 5, 1);
INSERT INTO Cook_Episode_Contestants (episode_id, cook_id, recipe_id, rating_1, rating_2, rating_3) 
                        VALUES (33, 18, 7, 1, 2, 4);
INSERT INTO Cook_Episode_Contestants (episode_id, cook_id, recipe_id, rating_1, rating_2, rating_3) 
                        VALUES (33, 29, 48, 3, 5, 1);
INSERT INTO Cook_Episode_Contestants (episode_id, cook_id, recipe_id, rating_1, rating_2, rating_3) 
                        VALUES (33, 12, 1, 2, 5, 3);
INSERT INTO Cook_Episode_Contestants (episode_id, cook_id, recipe_id, rating_1, rating_2, rating_3) 
                        VALUES (33, 37, 63, 5, 4, 4);
INSERT INTO Cook_Episode_Contestants (episode_id, cook_id, recipe_id, rating_1, rating_2, rating_3) 
                        VALUES (33, 96, 4, 2, 3, 4);
INSERT INTO Cook_Episode_Contestants (episode_id, cook_id, recipe_id, rating_1, rating_2, rating_3) 
                        VALUES (33, 13, 97, 2, 4, 4);
INSERT INTO Cook_Episode_Contestants (episode_id, cook_id, recipe_id, rating_1, rating_2, rating_3) 
                        VALUES (33, 83, 95, 2, 3, 3);
INSERT INTO Cook_Episode_Contestants (episode_id, cook_id, recipe_id, rating_1, rating_2, rating_3) 
                        VALUES (33, 78, 44, 1, 2, 1);
INSERT INTO Cook_Episode_Contestants (episode_id, cook_id, recipe_id, rating_1, rating_2, rating_3) 
                        VALUES (33, 56, 29, 3, 2, 3);
INSERT INTO Nationality_Episode (nationality_id, episode_id) VALUES (154, 33);
INSERT INTO Nationality_Episode (nationality_id, episode_id) VALUES (147, 33);
INSERT INTO Nationality_Episode (nationality_id, episode_id) VALUES (178, 33);
INSERT INTO Nationality_Episode (nationality_id, episode_id) VALUES (75, 33);
INSERT INTO Nationality_Episode (nationality_id, episode_id) VALUES (34, 33);
INSERT INTO Nationality_Episode (nationality_id, episode_id) VALUES (71, 33);
INSERT INTO Nationality_Episode (nationality_id, episode_id) VALUES (125, 33);
INSERT INTO Nationality_Episode (nationality_id, episode_id) VALUES (99, 33);
INSERT INTO Nationality_Episode (nationality_id, episode_id) VALUES (103, 33);
INSERT INTO Nationality_Episode (nationality_id, episode_id) VALUES (146, 33);
INSERT INTO Cook_Episode_Judge (episode_id, cook_id, judge_number) VALUES (33, 6, 1);
INSERT INTO Cook_Episode_Judge (episode_id, cook_id, judge_number) VALUES (33, 7, 2);
INSERT INTO Cook_Episode_Judge (episode_id, cook_id, judge_number) VALUES (33, 90, 3);
INSERT INTO Image (image_url, description) VALUES ('/data_generation/episode_data_generation/images/season_4_episode_4.png', 'This is an image for Episode 4 Season 4');


INSERT INTO Episode (episode_id, season, name, image_id, winner) 
                        VALUES (34, 4, 4, 1247, 83);

INSERT INTO Cook_Episode_Contestants (episode_id, cook_id, recipe_id, rating_1, rating_2, rating_3) 
                        VALUES (34, 91, 2, 3, 1, 2);
INSERT INTO Cook_Episode_Contestants (episode_id, cook_id, recipe_id, rating_1, rating_2, rating_3) 
                        VALUES (34, 38, 63, 1, 1, 3);
INSERT INTO Cook_Episode_Contestants (episode_id, cook_id, recipe_id, rating_1, rating_2, rating_3) 
                        VALUES (34, 3, 98, 3, 5, 3);
INSERT INTO Cook_Episode_Contestants (episode_id, cook_id, recipe_id, rating_1, rating_2, rating_3) 
                        VALUES (34, 83, 95, 3, 5, 4);
INSERT INTO Cook_Episode_Contestants (episode_id, cook_id, recipe_id, rating_1, rating_2, rating_3) 
                        VALUES (34, 30, 46, 5, 3, 2);
INSERT INTO Cook_Episode_Contestants (episode_id, cook_id, recipe_id, rating_1, rating_2, rating_3) 
                        VALUES (34, 68, 96, 3, 5, 1);
INSERT INTO Cook_Episode_Contestants (episode_id, cook_id, recipe_id, rating_1, rating_2, rating_3) 
                        VALUES (34, 19, 38, 2, 3, 1);
INSERT INTO Cook_Episode_Contestants (episode_id, cook_id, recipe_id, rating_1, rating_2, rating_3) 
                        VALUES (34, 4, 71, 3, 3, 3);
INSERT INTO Cook_Episode_Contestants (episode_id, cook_id, recipe_id, rating_1, rating_2, rating_3) 
                        VALUES (34, 17, 78, 1, 5, 3);
INSERT INTO Cook_Episode_Contestants (episode_id, cook_id, recipe_id, rating_1, rating_2, rating_3) 
                        VALUES (34, 71, 17, 2, 3, 5);
INSERT INTO Nationality_Episode (nationality_id, episode_id) VALUES (61, 34);
INSERT INTO Nationality_Episode (nationality_id, episode_id) VALUES (34, 34);
INSERT INTO Nationality_Episode (nationality_id, episode_id) VALUES (19, 34);
INSERT INTO Nationality_Episode (nationality_id, episode_id) VALUES (99, 34);
INSERT INTO Nationality_Episode (nationality_id, episode_id) VALUES (154, 34);
INSERT INTO Nationality_Episode (nationality_id, episode_id) VALUES (160, 34);
INSERT INTO Nationality_Episode (nationality_id, episode_id) VALUES (71, 34);
INSERT INTO Nationality_Episode (nationality_id, episode_id) VALUES (153, 34);
INSERT INTO Nationality_Episode (nationality_id, episode_id) VALUES (147, 34);
INSERT INTO Nationality_Episode (nationality_id, episode_id) VALUES (178, 34);
INSERT INTO Cook_Episode_Judge (episode_id, cook_id, judge_number) VALUES (34, 90, 1);
INSERT INTO Cook_Episode_Judge (episode_id, cook_id, judge_number) VALUES (34, 60, 2);
INSERT INTO Cook_Episode_Judge (episode_id, cook_id, judge_number) VALUES (34, 66, 3);
INSERT INTO Image (image_url, description) VALUES ('/data_generation/episode_data_generation/images/season_4_episode_5.png', 'This is an image for Episode 5 Season 4');


INSERT INTO Episode (episode_id, season, name, image_id, winner) 
                        VALUES (35, 4, 5, 1248, 57);

INSERT INTO Cook_Episode_Contestants (episode_id, cook_id, recipe_id, rating_1, rating_2, rating_3) 
                        VALUES (35, 19, 68, 4, 5, 2);
INSERT INTO Cook_Episode_Contestants (episode_id, cook_id, recipe_id, rating_1, rating_2, rating_3) 
                        VALUES (35, 1, 98, 1, 4, 1);
INSERT INTO Cook_Episode_Contestants (episode_id, cook_id, recipe_id, rating_1, rating_2, rating_3) 
                        VALUES (35, 54, 71, 2, 1, 2);
INSERT INTO Cook_Episode_Contestants (episode_id, cook_id, recipe_id, rating_1, rating_2, rating_3) 
                        VALUES (35, 62, 29, 5, 3, 2);
INSERT INTO Cook_Episode_Contestants (episode_id, cook_id, recipe_id, rating_1, rating_2, rating_3) 
                        VALUES (35, 84, 53, 4, 4, 3);
INSERT INTO Cook_Episode_Contestants (episode_id, cook_id, recipe_id, rating_1, rating_2, rating_3) 
                        VALUES (35, 47, 6, 5, 3, 3);
INSERT INTO Cook_Episode_Contestants (episode_id, cook_id, recipe_id, rating_1, rating_2, rating_3) 
                        VALUES (35, 57, 96, 4, 5, 5);
INSERT INTO Cook_Episode_Contestants (episode_id, cook_id, recipe_id, rating_1, rating_2, rating_3) 
                        VALUES (35, 41, 47, 3, 4, 4);
INSERT INTO Cook_Episode_Contestants (episode_id, cook_id, recipe_id, rating_1, rating_2, rating_3) 
                        VALUES (35, 67, 95, 4, 4, 4);
INSERT INTO Cook_Episode_Contestants (episode_id, cook_id, recipe_id, rating_1, rating_2, rating_3) 
                        VALUES (35, 38, 97, 3, 3, 5);
INSERT INTO Nationality_Episode (nationality_id, episode_id) VALUES (56, 35);
INSERT INTO Nationality_Episode (nationality_id, episode_id) VALUES (19, 35);
INSERT INTO Nationality_Episode (nationality_id, episode_id) VALUES (153, 35);
INSERT INTO Nationality_Episode (nationality_id, episode_id) VALUES (146, 35);
INSERT INTO Nationality_Episode (nationality_id, episode_id) VALUES (77, 35);
INSERT INTO Nationality_Episode (nationality_id, episode_id) VALUES (110, 35);
INSERT INTO Nationality_Episode (nationality_id, episode_id) VALUES (160, 35);
INSERT INTO Nationality_Episode (nationality_id, episode_id) VALUES (79, 35);
INSERT INTO Nationality_Episode (nationality_id, episode_id) VALUES (99, 35);
INSERT INTO Nationality_Episode (nationality_id, episode_id) VALUES (125, 35);
INSERT INTO Cook_Episode_Judge (episode_id, cook_id, judge_number) VALUES (35, 6, 1);
INSERT INTO Cook_Episode_Judge (episode_id, cook_id, judge_number) VALUES (35, 7, 2);
INSERT INTO Cook_Episode_Judge (episode_id, cook_id, judge_number) VALUES (35, 86, 3);
INSERT INTO Image (image_url, description) VALUES ('/data_generation/episode_data_generation/images/season_4_episode_6.png', 'This is an image for Episode 6 Season 4');


INSERT INTO Episode (episode_id, season, name, image_id, winner) 
                        VALUES (36, 4, 6, 1249, 66);

INSERT INTO Cook_Episode_Contestants (episode_id, cook_id, recipe_id, rating_1, rating_2, rating_3) 
                        VALUES (36, 80, 65, 3, 4, 4);
INSERT INTO Cook_Episode_Contestants (episode_id, cook_id, recipe_id, rating_1, rating_2, rating_3) 
                        VALUES (36, 20, 46, 4, 4, 1);
INSERT INTO Cook_Episode_Contestants (episode_id, cook_id, recipe_id, rating_1, rating_2, rating_3) 
                        VALUES (36, 4, 71, 4, 5, 3);
INSERT INTO Cook_Episode_Contestants (episode_id, cook_id, recipe_id, rating_1, rating_2, rating_3) 
                        VALUES (36, 40, 62, 5, 3, 3);
INSERT INTO Cook_Episode_Contestants (episode_id, cook_id, recipe_id, rating_1, rating_2, rating_3) 
                        VALUES (36, 12, 63, 3, 4, 2);
INSERT INTO Cook_Episode_Contestants (episode_id, cook_id, recipe_id, rating_1, rating_2, rating_3) 
                        VALUES (36, 66, 44, 5, 3, 5);
INSERT INTO Cook_Episode_Contestants (episode_id, cook_id, recipe_id, rating_1, rating_2, rating_3) 
                        VALUES (36, 13, 43, 1, 2, 5);
INSERT INTO Cook_Episode_Contestants (episode_id, cook_id, recipe_id, rating_1, rating_2, rating_3) 
                        VALUES (36, 100, 39, 1, 1, 3);
INSERT INTO Cook_Episode_Contestants (episode_id, cook_id, recipe_id, rating_1, rating_2, rating_3) 
                        VALUES (36, 52, 1, 3, 3, 4);
INSERT INTO Cook_Episode_Contestants (episode_id, cook_id, recipe_id, rating_1, rating_2, rating_3) 
                        VALUES (36, 47, 99, 4, 2, 4);
INSERT INTO Nationality_Episode (nationality_id, episode_id) VALUES (79, 36);
INSERT INTO Nationality_Episode (nationality_id, episode_id) VALUES (154, 36);
INSERT INTO Nationality_Episode (nationality_id, episode_id) VALUES (153, 36);
INSERT INTO Nationality_Episode (nationality_id, episode_id) VALUES (61, 36);
INSERT INTO Nationality_Episode (nationality_id, episode_id) VALUES (34, 36);
INSERT INTO Nationality_Episode (nationality_id, episode_id) VALUES (103, 36);
INSERT INTO Nationality_Episode (nationality_id, episode_id) VALUES (77, 36);
INSERT INTO Nationality_Episode (nationality_id, episode_id) VALUES (178, 36);
INSERT INTO Nationality_Episode (nationality_id, episode_id) VALUES (75, 36);
INSERT INTO Nationality_Episode (nationality_id, episode_id) VALUES (147, 36);
INSERT INTO Cook_Episode_Judge (episode_id, cook_id, judge_number) VALUES (36, 76, 1);
INSERT INTO Cook_Episode_Judge (episode_id, cook_id, judge_number) VALUES (36, 59, 2);
INSERT INTO Cook_Episode_Judge (episode_id, cook_id, judge_number) VALUES (36, 30, 3);
INSERT INTO Image (image_url, description) VALUES ('/data_generation/episode_data_generation/images/season_4_episode_7.png', 'This is an image for Episode 7 Season 4');


INSERT INTO Episode (episode_id, season, name, image_id, winner) 
                        VALUES (37, 4, 7, 1250, 55);

INSERT INTO Cook_Episode_Contestants (episode_id, cook_id, recipe_id, rating_1, rating_2, rating_3) 
                        VALUES (37, 38, 97, 1, 5, 1);
INSERT INTO Cook_Episode_Contestants (episode_id, cook_id, recipe_id, rating_1, rating_2, rating_3) 
                        VALUES (37, 49, 12, 5, 2, 5);
INSERT INTO Cook_Episode_Contestants (episode_id, cook_id, recipe_id, rating_1, rating_2, rating_3) 
                        VALUES (37, 67, 95, 2, 1, 2);
INSERT INTO Cook_Episode_Contestants (episode_id, cook_id, recipe_id, rating_1, rating_2, rating_3) 
                        VALUES (37, 6, 92, 5, 1, 3);
INSERT INTO Cook_Episode_Contestants (episode_id, cook_id, recipe_id, rating_1, rating_2, rating_3) 
                        VALUES (37, 56, 96, 1, 5, 3);
INSERT INTO Cook_Episode_Contestants (episode_id, cook_id, recipe_id, rating_1, rating_2, rating_3) 
                        VALUES (37, 55, 65, 3, 5, 5);
INSERT INTO Cook_Episode_Contestants (episode_id, cook_id, recipe_id, rating_1, rating_2, rating_3) 
                        VALUES (37, 69, 2, 1, 1, 5);
INSERT INTO Cook_Episode_Contestants (episode_id, cook_id, recipe_id, rating_1, rating_2, rating_3) 
                        VALUES (37, 95, 22, 1, 4, 4);
INSERT INTO Cook_Episode_Contestants (episode_id, cook_id, recipe_id, rating_1, rating_2, rating_3) 
                        VALUES (37, 79, 42, 2, 2, 1);
INSERT INTO Cook_Episode_Contestants (episode_id, cook_id, recipe_id, rating_1, rating_2, rating_3) 
                        VALUES (37, 47, 6, 3, 1, 3);
INSERT INTO Nationality_Episode (nationality_id, episode_id) VALUES (125, 37);
INSERT INTO Nationality_Episode (nationality_id, episode_id) VALUES (177, 37);
INSERT INTO Nationality_Episode (nationality_id, episode_id) VALUES (99, 37);
INSERT INTO Nationality_Episode (nationality_id, episode_id) VALUES (71, 37);
INSERT INTO Nationality_Episode (nationality_id, episode_id) VALUES (160, 37);
INSERT INTO Nationality_Episode (nationality_id, episode_id) VALUES (79, 37);
INSERT INTO Nationality_Episode (nationality_id, episode_id) VALUES (61, 37);
INSERT INTO Nationality_Episode (nationality_id, episode_id) VALUES (56, 37);
INSERT INTO Nationality_Episode (nationality_id, episode_id) VALUES (77, 37);
INSERT INTO Nationality_Episode (nationality_id, episode_id) VALUES (110, 37);
INSERT INTO Cook_Episode_Judge (episode_id, cook_id, judge_number) VALUES (37, 20, 1);
INSERT INTO Cook_Episode_Judge (episode_id, cook_id, judge_number) VALUES (37, 3, 2);
INSERT INTO Cook_Episode_Judge (episode_id, cook_id, judge_number) VALUES (37, 34, 3);
INSERT INTO Image (image_url, description) VALUES ('/data_generation/episode_data_generation/images/season_4_episode_8.png', 'This is an image for Episode 8 Season 4');


INSERT INTO Episode (episode_id, season, name, image_id, winner) 
                        VALUES (38, 4, 8, 1251, 54);

INSERT INTO Cook_Episode_Contestants (episode_id, cook_id, recipe_id, rating_1, rating_2, rating_3) 
                        VALUES (38, 98, 97, 2, 2, 1);
INSERT INTO Cook_Episode_Contestants (episode_id, cook_id, recipe_id, rating_1, rating_2, rating_3) 
                        VALUES (38, 54, 71, 4, 4, 5);
INSERT INTO Cook_Episode_Contestants (episode_id, cook_id, recipe_id, rating_1, rating_2, rating_3) 
                        VALUES (38, 39, 46, 5, 1, 1);
INSERT INTO Cook_Episode_Contestants (episode_id, cook_id, recipe_id, rating_1, rating_2, rating_3) 
                        VALUES (38, 31, 63, 3, 5, 2);
INSERT INTO Cook_Episode_Contestants (episode_id, cook_id, recipe_id, rating_1, rating_2, rating_3) 
                        VALUES (38, 3, 98, 1, 2, 5);
INSERT INTO Cook_Episode_Contestants (episode_id, cook_id, recipe_id, rating_1, rating_2, rating_3) 
                        VALUES (38, 57, 25, 5, 3, 3);
INSERT INTO Cook_Episode_Contestants (episode_id, cook_id, recipe_id, rating_1, rating_2, rating_3) 
                        VALUES (38, 48, 22, 5, 2, 5);
INSERT INTO Cook_Episode_Contestants (episode_id, cook_id, recipe_id, rating_1, rating_2, rating_3) 
                        VALUES (38, 26, 99, 3, 1, 1);
INSERT INTO Cook_Episode_Contestants (episode_id, cook_id, recipe_id, rating_1, rating_2, rating_3) 
                        VALUES (38, 76, 38, 4, 2, 1);
INSERT INTO Cook_Episode_Contestants (episode_id, cook_id, recipe_id, rating_1, rating_2, rating_3) 
                        VALUES (38, 18, 1, 3, 3, 2);
INSERT INTO Nationality_Episode (nationality_id, episode_id) VALUES (125, 38);
INSERT INTO Nationality_Episode (nationality_id, episode_id) VALUES (153, 38);
INSERT INTO Nationality_Episode (nationality_id, episode_id) VALUES (154, 38);
INSERT INTO Nationality_Episode (nationality_id, episode_id) VALUES (34, 38);
INSERT INTO Nationality_Episode (nationality_id, episode_id) VALUES (19, 38);
INSERT INTO Nationality_Episode (nationality_id, episode_id) VALUES (178, 38);
INSERT INTO Nationality_Episode (nationality_id, episode_id) VALUES (56, 38);
INSERT INTO Nationality_Episode (nationality_id, episode_id) VALUES (147, 38);
INSERT INTO Nationality_Episode (nationality_id, episode_id) VALUES (71, 38);
INSERT INTO Nationality_Episode (nationality_id, episode_id) VALUES (75, 38);
INSERT INTO Cook_Episode_Judge (episode_id, cook_id, judge_number) VALUES (38, 6, 1);
INSERT INTO Cook_Episode_Judge (episode_id, cook_id, judge_number) VALUES (38, 7, 2);
INSERT INTO Cook_Episode_Judge (episode_id, cook_id, judge_number) VALUES (38, 37, 3);
INSERT INTO Image (image_url, description) VALUES ('/data_generation/episode_data_generation/images/season_4_episode_9.png', 'This is an image for Episode 9 Season 4');


INSERT INTO Episode (episode_id, season, name, image_id, winner) 
                        VALUES (39, 4, 9, 1252, 1);

INSERT INTO Cook_Episode_Contestants (episode_id, cook_id, recipe_id, rating_1, rating_2, rating_3) 
                        VALUES (39, 39, 62, 5, 2, 3);
INSERT INTO Cook_Episode_Contestants (episode_id, cook_id, recipe_id, rating_1, rating_2, rating_3) 
                        VALUES (39, 55, 97, 4, 3, 4);
INSERT INTO Cook_Episode_Contestants (episode_id, cook_id, recipe_id, rating_1, rating_2, rating_3) 
                        VALUES (39, 3, 49, 1, 1, 1);
INSERT INTO Cook_Episode_Contestants (episode_id, cook_id, recipe_id, rating_1, rating_2, rating_3) 
                        VALUES (39, 47, 6, 5, 1, 1);
INSERT INTO Cook_Episode_Contestants (episode_id, cook_id, recipe_id, rating_1, rating_2, rating_3) 
                        VALUES (39, 18, 44, 1, 2, 5);
INSERT INTO Cook_Episode_Contestants (episode_id, cook_id, recipe_id, rating_1, rating_2, rating_3) 
                        VALUES (39, 83, 95, 2, 2, 5);
INSERT INTO Cook_Episode_Contestants (episode_id, cook_id, recipe_id, rating_1, rating_2, rating_3) 
                        VALUES (39, 56, 8, 4, 4, 2);
INSERT INTO Cook_Episode_Contestants (episode_id, cook_id, recipe_id, rating_1, rating_2, rating_3) 
                        VALUES (39, 1, 98, 2, 5, 4);
INSERT INTO Cook_Episode_Contestants (episode_id, cook_id, recipe_id, rating_1, rating_2, rating_3) 
                        VALUES (39, 21, 26, 3, 4, 1);
INSERT INTO Cook_Episode_Contestants (episode_id, cook_id, recipe_id, rating_1, rating_2, rating_3) 
                        VALUES (39, 13, 11, 1, 2, 4);
INSERT INTO Nationality_Episode (nationality_id, episode_id) VALUES (61, 39);
INSERT INTO Nationality_Episode (nationality_id, episode_id) VALUES (125, 39);
INSERT INTO Nationality_Episode (nationality_id, episode_id) VALUES (146, 39);
INSERT INTO Nationality_Episode (nationality_id, episode_id) VALUES (110, 39);
INSERT INTO Nationality_Episode (nationality_id, episode_id) VALUES (103, 39);
INSERT INTO Nationality_Episode (nationality_id, episode_id) VALUES (99, 39);
INSERT INTO Nationality_Episode (nationality_id, episode_id) VALUES (147, 39);
INSERT INTO Nationality_Episode (nationality_id, episode_id) VALUES (19, 39);
INSERT INTO Nationality_Episode (nationality_id, episode_id) VALUES (160, 39);
INSERT INTO Nationality_Episode (nationality_id, episode_id) VALUES (178, 39);
INSERT INTO Cook_Episode_Judge (episode_id, cook_id, judge_number) VALUES (39, 6, 1);
INSERT INTO Cook_Episode_Judge (episode_id, cook_id, judge_number) VALUES (39, 7, 2);
INSERT INTO Cook_Episode_Judge (episode_id, cook_id, judge_number) VALUES (39, 89, 3);
INSERT INTO Image (image_url, description) VALUES ('/data_generation/episode_data_generation/images/season_4_episode_10.png', 'This is an image for Episode 10 Season 4');


INSERT INTO Episode (episode_id, season, name, image_id, winner) 
                        VALUES (40, 4, 10, 1253, 93);

INSERT INTO Cook_Episode_Contestants (episode_id, cook_id, recipe_id, rating_1, rating_2, rating_3) 
                        VALUES (40, 83, 95, 5, 2, 1);
INSERT INTO Cook_Episode_Contestants (episode_id, cook_id, recipe_id, rating_1, rating_2, rating_3) 
                        VALUES (40, 87, 44, 1, 2, 2);
INSERT INTO Cook_Episode_Contestants (episode_id, cook_id, recipe_id, rating_1, rating_2, rating_3) 
                        VALUES (40, 30, 2, 2, 2, 1);
INSERT INTO Cook_Episode_Contestants (episode_id, cook_id, recipe_id, rating_1, rating_2, rating_3) 
                        VALUES (40, 93, 63, 4, 4, 4);
INSERT INTO Cook_Episode_Contestants (episode_id, cook_id, recipe_id, rating_1, rating_2, rating_3) 
                        VALUES (40, 100, 1, 1, 4, 1);
INSERT INTO Cook_Episode_Contestants (episode_id, cook_id, recipe_id, rating_1, rating_2, rating_3) 
                        VALUES (40, 90, 98, 4, 4, 3);
INSERT INTO Cook_Episode_Contestants (episode_id, cook_id, recipe_id, rating_1, rating_2, rating_3) 
                        VALUES (40, 80, 26, 3, 4, 3);
INSERT INTO Cook_Episode_Contestants (episode_id, cook_id, recipe_id, rating_1, rating_2, rating_3) 
                        VALUES (40, 78, 27, 3, 3, 4);
INSERT INTO Cook_Episode_Contestants (episode_id, cook_id, recipe_id, rating_1, rating_2, rating_3) 
                        VALUES (40, 53, 64, 3, 3, 1);
INSERT INTO Cook_Episode_Contestants (episode_id, cook_id, recipe_id, rating_1, rating_2, rating_3) 
                        VALUES (40, 26, 78, 3, 4, 4);
INSERT INTO Nationality_Episode (nationality_id, episode_id) VALUES (99, 40);
INSERT INTO Nationality_Episode (nationality_id, episode_id) VALUES (103, 40);
INSERT INTO Nationality_Episode (nationality_id, episode_id) VALUES (61, 40);
INSERT INTO Nationality_Episode (nationality_id, episode_id) VALUES (34, 40);
INSERT INTO Nationality_Episode (nationality_id, episode_id) VALUES (75, 40);
INSERT INTO Nationality_Episode (nationality_id, episode_id) VALUES (19, 40);
INSERT INTO Nationality_Episode (nationality_id, episode_id) VALUES (160, 40);
INSERT INTO Nationality_Episode (nationality_id, episode_id) VALUES (79, 40);
INSERT INTO Nationality_Episode (nationality_id, episode_id) VALUES (71, 40);
INSERT INTO Nationality_Episode (nationality_id, episode_id) VALUES (147, 40);
INSERT INTO Cook_Episode_Judge (episode_id, cook_id, judge_number) VALUES (40, 95, 1);
INSERT INTO Cook_Episode_Judge (episode_id, cook_id, judge_number) VALUES (40, 73, 2);
INSERT INTO Cook_Episode_Judge (episode_id, cook_id, judge_number) VALUES (40, 97, 3);
INSERT INTO Image (image_url, description) VALUES ('/data_generation/episode_data_generation/images/season_5_episode_1.png', 'This is an image for Episode 1 Season 5');


INSERT INTO Episode (episode_id, season, name, image_id, winner) 
                        VALUES (41, 5, 1, 1254, 71);

INSERT INTO Cook_Episode_Contestants (episode_id, cook_id, recipe_id, rating_1, rating_2, rating_3) 
                        VALUES (41, 46, 82, 1, 5, 2);
INSERT INTO Cook_Episode_Contestants (episode_id, cook_id, recipe_id, rating_1, rating_2, rating_3) 
                        VALUES (41, 49, 49, 1, 5, 4);
INSERT INTO Cook_Episode_Contestants (episode_id, cook_id, recipe_id, rating_1, rating_2, rating_3) 
                        VALUES (41, 76, 62, 4, 4, 1);
INSERT INTO Cook_Episode_Contestants (episode_id, cook_id, recipe_id, rating_1, rating_2, rating_3) 
                        VALUES (41, 80, 96, 2, 4, 3);
INSERT INTO Cook_Episode_Contestants (episode_id, cook_id, recipe_id, rating_1, rating_2, rating_3) 
                        VALUES (41, 2, 1, 4, 1, 2);
INSERT INTO Cook_Episode_Contestants (episode_id, cook_id, recipe_id, rating_1, rating_2, rating_3) 
                        VALUES (41, 17, 71, 5, 1, 1);
INSERT INTO Cook_Episode_Contestants (episode_id, cook_id, recipe_id, rating_1, rating_2, rating_3) 
                        VALUES (41, 38, 47, 3, 1, 2);
INSERT INTO Cook_Episode_Contestants (episode_id, cook_id, recipe_id, rating_1, rating_2, rating_3) 
                        VALUES (41, 79, 83, 3, 2, 4);
INSERT INTO Cook_Episode_Contestants (episode_id, cook_id, recipe_id, rating_1, rating_2, rating_3) 
                        VALUES (41, 42, 63, 2, 3, 1);
INSERT INTO Cook_Episode_Contestants (episode_id, cook_id, recipe_id, rating_1, rating_2, rating_3) 
                        VALUES (41, 71, 25, 4, 4, 2);
INSERT INTO Nationality_Episode (nationality_id, episode_id) VALUES (56, 41);
INSERT INTO Nationality_Episode (nationality_id, episode_id) VALUES (146, 41);
INSERT INTO Nationality_Episode (nationality_id, episode_id) VALUES (61, 41);
INSERT INTO Nationality_Episode (nationality_id, episode_id) VALUES (160, 41);
INSERT INTO Nationality_Episode (nationality_id, episode_id) VALUES (75, 41);
INSERT INTO Nationality_Episode (nationality_id, episode_id) VALUES (153, 41);
INSERT INTO Nationality_Episode (nationality_id, episode_id) VALUES (79, 41);
INSERT INTO Nationality_Episode (nationality_id, episode_id) VALUES (77, 41);
INSERT INTO Nationality_Episode (nationality_id, episode_id) VALUES (34, 41);
INSERT INTO Nationality_Episode (nationality_id, episode_id) VALUES (178, 41);
INSERT INTO Cook_Episode_Judge (episode_id, cook_id, judge_number) VALUES (41, 8, 1);
INSERT INTO Cook_Episode_Judge (episode_id, cook_id, judge_number) VALUES (41, 84, 2);
INSERT INTO Cook_Episode_Judge (episode_id, cook_id, judge_number) VALUES (41, 83, 3);
INSERT INTO Image (image_url, description) VALUES ('/data_generation/episode_data_generation/images/season_5_episode_2.png', 'This is an image for Episode 2 Season 5');


INSERT INTO Episode (episode_id, season, name, image_id, winner) 
                        VALUES (42, 5, 2, 1255, 84);

INSERT INTO Cook_Episode_Contestants (episode_id, cook_id, recipe_id, rating_1, rating_2, rating_3) 
                        VALUES (42, 84, 16, 3, 5, 4);
INSERT INTO Cook_Episode_Contestants (episode_id, cook_id, recipe_id, rating_1, rating_2, rating_3) 
                        VALUES (42, 56, 49, 4, 1, 4);
INSERT INTO Cook_Episode_Contestants (episode_id, cook_id, recipe_id, rating_1, rating_2, rating_3) 
                        VALUES (42, 90, 44, 2, 1, 2);
INSERT INTO Cook_Episode_Contestants (episode_id, cook_id, recipe_id, rating_1, rating_2, rating_3) 
                        VALUES (42, 83, 95, 5, 1, 3);
INSERT INTO Cook_Episode_Contestants (episode_id, cook_id, recipe_id, rating_1, rating_2, rating_3) 
                        VALUES (42, 67, 37, 2, 2, 5);
INSERT INTO Cook_Episode_Contestants (episode_id, cook_id, recipe_id, rating_1, rating_2, rating_3) 
                        VALUES (42, 75, 17, 4, 2, 4);
INSERT INTO Cook_Episode_Contestants (episode_id, cook_id, recipe_id, rating_1, rating_2, rating_3) 
                        VALUES (42, 32, 46, 3, 1, 4);
INSERT INTO Cook_Episode_Contestants (episode_id, cook_id, recipe_id, rating_1, rating_2, rating_3) 
                        VALUES (42, 18, 78, 2, 1, 4);
INSERT INTO Cook_Episode_Contestants (episode_id, cook_id, recipe_id, rating_1, rating_2, rating_3) 
                        VALUES (42, 73, 1, 1, 5, 1);
INSERT INTO Cook_Episode_Contestants (episode_id, cook_id, recipe_id, rating_1, rating_2, rating_3) 
                        VALUES (42, 63, 82, 3, 4, 4);
INSERT INTO Nationality_Episode (nationality_id, episode_id) VALUES (77, 42);
INSERT INTO Nationality_Episode (nationality_id, episode_id) VALUES (146, 42);
INSERT INTO Nationality_Episode (nationality_id, episode_id) VALUES (103, 42);
INSERT INTO Nationality_Episode (nationality_id, episode_id) VALUES (99, 42);
INSERT INTO Nationality_Episode (nationality_id, episode_id) VALUES (177, 42);
INSERT INTO Nationality_Episode (nationality_id, episode_id) VALUES (178, 42);
INSERT INTO Nationality_Episode (nationality_id, episode_id) VALUES (154, 42);
INSERT INTO Nationality_Episode (nationality_id, episode_id) VALUES (147, 42);
INSERT INTO Nationality_Episode (nationality_id, episode_id) VALUES (75, 42);
INSERT INTO Nationality_Episode (nationality_id, episode_id) VALUES (56, 42);
INSERT INTO Cook_Episode_Judge (episode_id, cook_id, judge_number) VALUES (42, 94, 1);
INSERT INTO Cook_Episode_Judge (episode_id, cook_id, judge_number) VALUES (42, 4, 2);
INSERT INTO Cook_Episode_Judge (episode_id, cook_id, judge_number) VALUES (42, 22, 3);
INSERT INTO Image (image_url, description) VALUES ('/data_generation/episode_data_generation/images/season_5_episode_3.png', 'This is an image for Episode 3 Season 5');


INSERT INTO Episode (episode_id, season, name, image_id, winner) 
                        VALUES (43, 5, 3, 1256, 91);

INSERT INTO Cook_Episode_Contestants (episode_id, cook_id, recipe_id, rating_1, rating_2, rating_3) 
                        VALUES (43, 40, 88, 4, 2, 1);
INSERT INTO Cook_Episode_Contestants (episode_id, cook_id, recipe_id, rating_1, rating_2, rating_3) 
                        VALUES (43, 91, 2, 3, 2, 5);
INSERT INTO Cook_Episode_Contestants (episode_id, cook_id, recipe_id, rating_1, rating_2, rating_3) 
                        VALUES (43, 42, 46, 1, 3, 2);
INSERT INTO Cook_Episode_Contestants (episode_id, cook_id, recipe_id, rating_1, rating_2, rating_3) 
                        VALUES (43, 47, 6, 2, 5, 1);
INSERT INTO Cook_Episode_Contestants (episode_id, cook_id, recipe_id, rating_1, rating_2, rating_3) 
                        VALUES (43, 16, 4, 4, 4, 1);
INSERT INTO Cook_Episode_Contestants (episode_id, cook_id, recipe_id, rating_1, rating_2, rating_3) 
                        VALUES (43, 59, 63, 2, 3, 3);
INSERT INTO Cook_Episode_Contestants (episode_id, cook_id, recipe_id, rating_1, rating_2, rating_3) 
                        VALUES (43, 84, 95, 1, 2, 5);
INSERT INTO Cook_Episode_Contestants (episode_id, cook_id, recipe_id, rating_1, rating_2, rating_3) 
                        VALUES (43, 19, 69, 3, 3, 3);
INSERT INTO Cook_Episode_Contestants (episode_id, cook_id, recipe_id, rating_1, rating_2, rating_3) 
                        VALUES (43, 13, 96, 3, 5, 1);
INSERT INTO Cook_Episode_Contestants (episode_id, cook_id, recipe_id, rating_1, rating_2, rating_3) 
                        VALUES (43, 74, 43, 3, 2, 1);
INSERT INTO Nationality_Episode (nationality_id, episode_id) VALUES (178, 43);
INSERT INTO Nationality_Episode (nationality_id, episode_id) VALUES (61, 43);
INSERT INTO Nationality_Episode (nationality_id, episode_id) VALUES (154, 43);
INSERT INTO Nationality_Episode (nationality_id, episode_id) VALUES (110, 43);
INSERT INTO Nationality_Episode (nationality_id, episode_id) VALUES (71, 43);
INSERT INTO Nationality_Episode (nationality_id, episode_id) VALUES (34, 43);
INSERT INTO Nationality_Episode (nationality_id, episode_id) VALUES (99, 43);
INSERT INTO Nationality_Episode (nationality_id, episode_id) VALUES (56, 43);
INSERT INTO Nationality_Episode (nationality_id, episode_id) VALUES (160, 43);
INSERT INTO Nationality_Episode (nationality_id, episode_id) VALUES (77, 43);
INSERT INTO Cook_Episode_Judge (episode_id, cook_id, judge_number) VALUES (43, 12, 1);
INSERT INTO Cook_Episode_Judge (episode_id, cook_id, judge_number) VALUES (43, 22, 2);
INSERT INTO Cook_Episode_Judge (episode_id, cook_id, judge_number) VALUES (43, 6, 3);
INSERT INTO Image (image_url, description) VALUES ('/data_generation/episode_data_generation/images/season_5_episode_4.png', 'This is an image for Episode 4 Season 5');


INSERT INTO Episode (episode_id, season, name, image_id, winner) 
                        VALUES (44, 5, 4, 1257, 95);

INSERT INTO Cook_Episode_Contestants (episode_id, cook_id, recipe_id, rating_1, rating_2, rating_3) 
                        VALUES (44, 12, 1, 4, 1, 4);
INSERT INTO Cook_Episode_Contestants (episode_id, cook_id, recipe_id, rating_1, rating_2, rating_3) 
                        VALUES (44, 47, 6, 2, 4, 4);
INSERT INTO Cook_Episode_Contestants (episode_id, cook_id, recipe_id, rating_1, rating_2, rating_3) 
                        VALUES (44, 44, 71, 2, 2, 4);
INSERT INTO Cook_Episode_Contestants (episode_id, cook_id, recipe_id, rating_1, rating_2, rating_3) 
                        VALUES (44, 78, 63, 2, 5, 5);
INSERT INTO Cook_Episode_Contestants (episode_id, cook_id, recipe_id, rating_1, rating_2, rating_3) 
                        VALUES (44, 3, 91, 1, 4, 5);
INSERT INTO Cook_Episode_Contestants (episode_id, cook_id, recipe_id, rating_1, rating_2, rating_3) 
                        VALUES (44, 69, 65, 2, 4, 2);
INSERT INTO Cook_Episode_Contestants (episode_id, cook_id, recipe_id, rating_1, rating_2, rating_3) 
                        VALUES (44, 95, 99, 5, 4, 4);
INSERT INTO Cook_Episode_Contestants (episode_id, cook_id, recipe_id, rating_1, rating_2, rating_3) 
                        VALUES (44, 84, 95, 1, 2, 3);
INSERT INTO Cook_Episode_Contestants (episode_id, cook_id, recipe_id, rating_1, rating_2, rating_3) 
                        VALUES (44, 6, 36, 2, 5, 2);
INSERT INTO Cook_Episode_Contestants (episode_id, cook_id, recipe_id, rating_1, rating_2, rating_3) 
                        VALUES (44, 80, 26, 4, 3, 2);
INSERT INTO Nationality_Episode (nationality_id, episode_id) VALUES (75, 44);
INSERT INTO Nationality_Episode (nationality_id, episode_id) VALUES (110, 44);
INSERT INTO Nationality_Episode (nationality_id, episode_id) VALUES (153, 44);
INSERT INTO Nationality_Episode (nationality_id, episode_id) VALUES (34, 44);
INSERT INTO Nationality_Episode (nationality_id, episode_id) VALUES (71, 44);
INSERT INTO Nationality_Episode (nationality_id, episode_id) VALUES (79, 44);
INSERT INTO Nationality_Episode (nationality_id, episode_id) VALUES (147, 44);
INSERT INTO Nationality_Episode (nationality_id, episode_id) VALUES (99, 44);
INSERT INTO Nationality_Episode (nationality_id, episode_id) VALUES (177, 44);
INSERT INTO Nationality_Episode (nationality_id, episode_id) VALUES (160, 44);
INSERT INTO Cook_Episode_Judge (episode_id, cook_id, judge_number) VALUES (44, 38, 1);
INSERT INTO Cook_Episode_Judge (episode_id, cook_id, judge_number) VALUES (44, 66, 2);
INSERT INTO Cook_Episode_Judge (episode_id, cook_id, judge_number) VALUES (44, 33, 3);
INSERT INTO Image (image_url, description) VALUES ('/data_generation/episode_data_generation/images/season_5_episode_5.png', 'This is an image for Episode 5 Season 5');


INSERT INTO Episode (episode_id, season, name, image_id, winner) 
                        VALUES (45, 5, 5, 1258, 35);

INSERT INTO Cook_Episode_Contestants (episode_id, cook_id, recipe_id, rating_1, rating_2, rating_3) 
                        VALUES (45, 50, 1, 4, 3, 5);
INSERT INTO Cook_Episode_Contestants (episode_id, cook_id, recipe_id, rating_1, rating_2, rating_3) 
                        VALUES (45, 35, 29, 2, 5, 5);
INSERT INTO Cook_Episode_Contestants (episode_id, cook_id, recipe_id, rating_1, rating_2, rating_3) 
                        VALUES (45, 29, 39, 5, 3, 2);
INSERT INTO Cook_Episode_Contestants (episode_id, cook_id, recipe_id, rating_1, rating_2, rating_3) 
                        VALUES (45, 40, 45, 4, 3, 4);
INSERT INTO Cook_Episode_Contestants (episode_id, cook_id, recipe_id, rating_1, rating_2, rating_3) 
                        VALUES (45, 90, 98, 5, 1, 2);
INSERT INTO Cook_Episode_Contestants (episode_id, cook_id, recipe_id, rating_1, rating_2, rating_3) 
                        VALUES (45, 6, 46, 1, 3, 5);
INSERT INTO Cook_Episode_Contestants (episode_id, cook_id, recipe_id, rating_1, rating_2, rating_3) 
                        VALUES (45, 38, 97, 1, 2, 5);
INSERT INTO Cook_Episode_Contestants (episode_id, cook_id, recipe_id, rating_1, rating_2, rating_3) 
                        VALUES (45, 79, 2, 5, 4, 3);
INSERT INTO Cook_Episode_Contestants (episode_id, cook_id, recipe_id, rating_1, rating_2, rating_3) 
                        VALUES (45, 47, 6, 3, 1, 5);
INSERT INTO Cook_Episode_Contestants (episode_id, cook_id, recipe_id, rating_1, rating_2, rating_3) 
                        VALUES (45, 48, 69, 3, 2, 1);
INSERT INTO Nationality_Episode (nationality_id, episode_id) VALUES (75, 45);
INSERT INTO Nationality_Episode (nationality_id, episode_id) VALUES (146, 45);
INSERT INTO Nationality_Episode (nationality_id, episode_id) VALUES (178, 45);
INSERT INTO Nationality_Episode (nationality_id, episode_id) VALUES (77, 45);
INSERT INTO Nationality_Episode (nationality_id, episode_id) VALUES (19, 45);
INSERT INTO Nationality_Episode (nationality_id, episode_id) VALUES (154, 45);
INSERT INTO Nationality_Episode (nationality_id, episode_id) VALUES (125, 45);
INSERT INTO Nationality_Episode (nationality_id, episode_id) VALUES (61, 45);
INSERT INTO Nationality_Episode (nationality_id, episode_id) VALUES (110, 45);
INSERT INTO Nationality_Episode (nationality_id, episode_id) VALUES (56, 45);
INSERT INTO Cook_Episode_Judge (episode_id, cook_id, judge_number) VALUES (45, 7, 1);
INSERT INTO Cook_Episode_Judge (episode_id, cook_id, judge_number) VALUES (45, 22, 2);
INSERT INTO Cook_Episode_Judge (episode_id, cook_id, judge_number) VALUES (45, 86, 3);
INSERT INTO Image (image_url, description) VALUES ('/data_generation/episode_data_generation/images/season_5_episode_6.png', 'This is an image for Episode 6 Season 5');


INSERT INTO Episode (episode_id, season, name, image_id, winner) 
                        VALUES (46, 5, 6, 1259, 31);

INSERT INTO Cook_Episode_Contestants (episode_id, cook_id, recipe_id, rating_1, rating_2, rating_3) 
                        VALUES (46, 31, 63, 5, 3, 5);
INSERT INTO Cook_Episode_Contestants (episode_id, cook_id, recipe_id, rating_1, rating_2, rating_3) 
                        VALUES (46, 33, 12, 1, 2, 3);
INSERT INTO Cook_Episode_Contestants (episode_id, cook_id, recipe_id, rating_1, rating_2, rating_3) 
                        VALUES (46, 32, 62, 1, 3, 2);
INSERT INTO Cook_Episode_Contestants (episode_id, cook_id, recipe_id, rating_1, rating_2, rating_3) 
                        VALUES (46, 94, 14, 1, 4, 1);
INSERT INTO Cook_Episode_Contestants (episode_id, cook_id, recipe_id, rating_1, rating_2, rating_3) 
                        VALUES (46, 78, 66, 1, 5, 2);
INSERT INTO Cook_Episode_Contestants (episode_id, cook_id, recipe_id, rating_1, rating_2, rating_3) 
                        VALUES (46, 97, 96, 2, 3, 1);
INSERT INTO Cook_Episode_Contestants (episode_id, cook_id, recipe_id, rating_1, rating_2, rating_3) 
                        VALUES (46, 63, 1, 3, 2, 5);
INSERT INTO Cook_Episode_Contestants (episode_id, cook_id, recipe_id, rating_1, rating_2, rating_3) 
                        VALUES (46, 90, 98, 3, 1, 3);
INSERT INTO Cook_Episode_Contestants (episode_id, cook_id, recipe_id, rating_1, rating_2, rating_3) 
                        VALUES (46, 4, 71, 5, 3, 2);
INSERT INTO Cook_Episode_Contestants (episode_id, cook_id, recipe_id, rating_1, rating_2, rating_3) 
                        VALUES (46, 84, 95, 5, 3, 2);
INSERT INTO Nationality_Episode (nationality_id, episode_id) VALUES (34, 46);
INSERT INTO Nationality_Episode (nationality_id, episode_id) VALUES (177, 46);
INSERT INTO Nationality_Episode (nationality_id, episode_id) VALUES (61, 46);
INSERT INTO Nationality_Episode (nationality_id, episode_id) VALUES (178, 46);
INSERT INTO Nationality_Episode (nationality_id, episode_id) VALUES (119, 46);
INSERT INTO Nationality_Episode (nationality_id, episode_id) VALUES (160, 46);
INSERT INTO Nationality_Episode (nationality_id, episode_id) VALUES (75, 46);
INSERT INTO Nationality_Episode (nationality_id, episode_id) VALUES (19, 46);
INSERT INTO Nationality_Episode (nationality_id, episode_id) VALUES (153, 46);
INSERT INTO Nationality_Episode (nationality_id, episode_id) VALUES (99, 46);
INSERT INTO Cook_Episode_Judge (episode_id, cook_id, judge_number) VALUES (46, 46, 1);
INSERT INTO Cook_Episode_Judge (episode_id, cook_id, judge_number) VALUES (46, 26, 2);
INSERT INTO Cook_Episode_Judge (episode_id, cook_id, judge_number) VALUES (46, 88, 3);
INSERT INTO Image (image_url, description) VALUES ('/data_generation/episode_data_generation/images/season_5_episode_7.png', 'This is an image for Episode 7 Season 5');


INSERT INTO Episode (episode_id, season, name, image_id, winner) 
                        VALUES (47, 5, 7, 1260, 38);

INSERT INTO Cook_Episode_Contestants (episode_id, cook_id, recipe_id, rating_1, rating_2, rating_3) 
                        VALUES (47, 38, 63, 4, 5, 2);
INSERT INTO Cook_Episode_Contestants (episode_id, cook_id, recipe_id, rating_1, rating_2, rating_3) 
                        VALUES (47, 71, 66, 2, 1, 1);
INSERT INTO Cook_Episode_Contestants (episode_id, cook_id, recipe_id, rating_1, rating_2, rating_3) 
                        VALUES (47, 80, 53, 4, 3, 1);
INSERT INTO Cook_Episode_Contestants (episode_id, cook_id, recipe_id, rating_1, rating_2, rating_3) 
                        VALUES (47, 13, 97, 1, 4, 2);
INSERT INTO Cook_Episode_Contestants (episode_id, cook_id, recipe_id, rating_1, rating_2, rating_3) 
                        VALUES (47, 85, 46, 1, 4, 5);
INSERT INTO Cook_Episode_Contestants (episode_id, cook_id, recipe_id, rating_1, rating_2, rating_3) 
                        VALUES (47, 83, 95, 5, 2, 1);
INSERT INTO Cook_Episode_Contestants (episode_id, cook_id, recipe_id, rating_1, rating_2, rating_3) 
                        VALUES (47, 54, 69, 2, 3, 1);
INSERT INTO Cook_Episode_Contestants (episode_id, cook_id, recipe_id, rating_1, rating_2, rating_3) 
                        VALUES (47, 62, 4, 4, 4, 1);
INSERT INTO Cook_Episode_Contestants (episode_id, cook_id, recipe_id, rating_1, rating_2, rating_3) 
                        VALUES (47, 17, 71, 5, 2, 2);
INSERT INTO Cook_Episode_Contestants (episode_id, cook_id, recipe_id, rating_1, rating_2, rating_3) 
                        VALUES (47, 56, 78, 2, 4, 5);
INSERT INTO Nationality_Episode (nationality_id, episode_id) VALUES (34, 47);
INSERT INTO Nationality_Episode (nationality_id, episode_id) VALUES (119, 47);
INSERT INTO Nationality_Episode (nationality_id, episode_id) VALUES (77, 47);
INSERT INTO Nationality_Episode (nationality_id, episode_id) VALUES (125, 47);
INSERT INTO Nationality_Episode (nationality_id, episode_id) VALUES (154, 47);
INSERT INTO Nationality_Episode (nationality_id, episode_id) VALUES (99, 47);
INSERT INTO Nationality_Episode (nationality_id, episode_id) VALUES (56, 47);
INSERT INTO Nationality_Episode (nationality_id, episode_id) VALUES (71, 47);
INSERT INTO Nationality_Episode (nationality_id, episode_id) VALUES (153, 47);
INSERT INTO Nationality_Episode (nationality_id, episode_id) VALUES (147, 47);
INSERT INTO Cook_Episode_Judge (episode_id, cook_id, judge_number) VALUES (47, 23, 1);
INSERT INTO Cook_Episode_Judge (episode_id, cook_id, judge_number) VALUES (47, 12, 2);
INSERT INTO Cook_Episode_Judge (episode_id, cook_id, judge_number) VALUES (47, 28, 3);
INSERT INTO Image (image_url, description) VALUES ('/data_generation/episode_data_generation/images/season_5_episode_8.png', 'This is an image for Episode 8 Season 5');


INSERT INTO Episode (episode_id, season, name, image_id, winner) 
                        VALUES (48, 5, 8, 1261, 62);

INSERT INTO Cook_Episode_Contestants (episode_id, cook_id, recipe_id, rating_1, rating_2, rating_3) 
                        VALUES (48, 62, 26, 4, 3, 5);
INSERT INTO Cook_Episode_Contestants (episode_id, cook_id, recipe_id, rating_1, rating_2, rating_3) 
                        VALUES (48, 86, 7, 2, 4, 3);
INSERT INTO Cook_Episode_Contestants (episode_id, cook_id, recipe_id, rating_1, rating_2, rating_3) 
                        VALUES (48, 84, 95, 5, 2, 5);
INSERT INTO Cook_Episode_Contestants (episode_id, cook_id, recipe_id, rating_1, rating_2, rating_3) 
                        VALUES (48, 98, 50, 4, 4, 3);
INSERT INTO Cook_Episode_Contestants (episode_id, cook_id, recipe_id, rating_1, rating_2, rating_3) 
                        VALUES (48, 64, 70, 2, 5, 3);
INSERT INTO Cook_Episode_Contestants (episode_id, cook_id, recipe_id, rating_1, rating_2, rating_3) 
                        VALUES (48, 85, 57, 1, 4, 4);
INSERT INTO Cook_Episode_Contestants (episode_id, cook_id, recipe_id, rating_1, rating_2, rating_3) 
                        VALUES (48, 3, 98, 1, 1, 1);
INSERT INTO Cook_Episode_Contestants (episode_id, cook_id, recipe_id, rating_1, rating_2, rating_3) 
                        VALUES (48, 66, 44, 2, 3, 5);
INSERT INTO Cook_Episode_Contestants (episode_id, cook_id, recipe_id, rating_1, rating_2, rating_3) 
                        VALUES (48, 79, 62, 4, 2, 2);
INSERT INTO Cook_Episode_Contestants (episode_id, cook_id, recipe_id, rating_1, rating_2, rating_3) 
                        VALUES (48, 5, 47, 2, 1, 2);
INSERT INTO Nationality_Episode (nationality_id, episode_id) VALUES (160, 48);
INSERT INTO Nationality_Episode (nationality_id, episode_id) VALUES (147, 48);
INSERT INTO Nationality_Episode (nationality_id, episode_id) VALUES (99, 48);
INSERT INTO Nationality_Episode (nationality_id, episode_id) VALUES (178, 48);
INSERT INTO Nationality_Episode (nationality_id, episode_id) VALUES (56, 48);
INSERT INTO Nationality_Episode (nationality_id, episode_id) VALUES (77, 48);
INSERT INTO Nationality_Episode (nationality_id, episode_id) VALUES (19, 48);
INSERT INTO Nationality_Episode (nationality_id, episode_id) VALUES (103, 48);
INSERT INTO Nationality_Episode (nationality_id, episode_id) VALUES (61, 48);
INSERT INTO Nationality_Episode (nationality_id, episode_id) VALUES (79, 48);
INSERT INTO Cook_Episode_Judge (episode_id, cook_id, judge_number) VALUES (48, 45, 1);
INSERT INTO Cook_Episode_Judge (episode_id, cook_id, judge_number) VALUES (48, 17, 2);
INSERT INTO Cook_Episode_Judge (episode_id, cook_id, judge_number) VALUES (48, 99, 3);
INSERT INTO Image (image_url, description) VALUES ('/data_generation/episode_data_generation/images/season_5_episode_9.png', 'This is an image for Episode 9 Season 5');


INSERT INTO Episode (episode_id, season, name, image_id, winner) 
                        VALUES (49, 5, 9, 1262, 93);

INSERT INTO Cook_Episode_Contestants (episode_id, cook_id, recipe_id, rating_1, rating_2, rating_3) 
                        VALUES (49, 79, 8, 1, 3, 1);
INSERT INTO Cook_Episode_Contestants (episode_id, cook_id, recipe_id, rating_1, rating_2, rating_3) 
                        VALUES (49, 55, 47, 4, 4, 5);
INSERT INTO Cook_Episode_Contestants (episode_id, cook_id, recipe_id, rating_1, rating_2, rating_3) 
                        VALUES (49, 54, 57, 3, 3, 1);
INSERT INTO Cook_Episode_Contestants (episode_id, cook_id, recipe_id, rating_1, rating_2, rating_3) 
                        VALUES (49, 89, 63, 4, 3, 1);
INSERT INTO Cook_Episode_Contestants (episode_id, cook_id, recipe_id, rating_1, rating_2, rating_3) 
                        VALUES (49, 42, 46, 5, 4, 1);
INSERT INTO Cook_Episode_Contestants (episode_id, cook_id, recipe_id, rating_1, rating_2, rating_3) 
                        VALUES (49, 75, 28, 4, 4, 2);
INSERT INTO Cook_Episode_Contestants (episode_id, cook_id, recipe_id, rating_1, rating_2, rating_3) 
                        VALUES (49, 49, 66, 3, 2, 1);
INSERT INTO Cook_Episode_Contestants (episode_id, cook_id, recipe_id, rating_1, rating_2, rating_3) 
                        VALUES (49, 18, 44, 4, 2, 3);
INSERT INTO Cook_Episode_Contestants (episode_id, cook_id, recipe_id, rating_1, rating_2, rating_3) 
                        VALUES (49, 69, 1, 2, 4, 1);
INSERT INTO Cook_Episode_Contestants (episode_id, cook_id, recipe_id, rating_1, rating_2, rating_3) 
                        VALUES (49, 93, 49, 5, 3, 5);
INSERT INTO Nationality_Episode (nationality_id, episode_id) VALUES (147, 49);
INSERT INTO Nationality_Episode (nationality_id, episode_id) VALUES (79, 49);
INSERT INTO Nationality_Episode (nationality_id, episode_id) VALUES (77, 49);
INSERT INTO Nationality_Episode (nationality_id, episode_id) VALUES (34, 49);
INSERT INTO Nationality_Episode (nationality_id, episode_id) VALUES (154, 49);
INSERT INTO Nationality_Episode (nationality_id, episode_id) VALUES (71, 49);
INSERT INTO Nationality_Episode (nationality_id, episode_id) VALUES (119, 49);
INSERT INTO Nationality_Episode (nationality_id, episode_id) VALUES (103, 49);
INSERT INTO Nationality_Episode (nationality_id, episode_id) VALUES (75, 49);
INSERT INTO Nationality_Episode (nationality_id, episode_id) VALUES (146, 49);
INSERT INTO Cook_Episode_Judge (episode_id, cook_id, judge_number) VALUES (49, 80, 1);
INSERT INTO Cook_Episode_Judge (episode_id, cook_id, judge_number) VALUES (49, 44, 2);
INSERT INTO Cook_Episode_Judge (episode_id, cook_id, judge_number) VALUES (49, 24, 3);
INSERT INTO Image (image_url, description) VALUES ('/data_generation/episode_data_generation/images/season_5_episode_10.png', 'This is an image for Episode 10 Season 5');


INSERT INTO Episode (episode_id, season, name, image_id, winner) 
                        VALUES (50, 5, 10, 1263, 27);

INSERT INTO Cook_Episode_Contestants (episode_id, cook_id, recipe_id, rating_1, rating_2, rating_3) 
                        VALUES (50, 1, 98, 4, 2, 3);
INSERT INTO Cook_Episode_Contestants (episode_id, cook_id, recipe_id, rating_1, rating_2, rating_3) 
                        VALUES (50, 36, 66, 1, 4, 3);
INSERT INTO Cook_Episode_Contestants (episode_id, cook_id, recipe_id, rating_1, rating_2, rating_3) 
                        VALUES (50, 47, 6, 2, 4, 2);
INSERT INTO Cook_Episode_Contestants (episode_id, cook_id, recipe_id, rating_1, rating_2, rating_3) 
                        VALUES (50, 27, 32, 3, 5, 5);
INSERT INTO Cook_Episode_Contestants (episode_id, cook_id, recipe_id, rating_1, rating_2, rating_3) 
                        VALUES (50, 13, 71, 2, 4, 2);
INSERT INTO Cook_Episode_Contestants (episode_id, cook_id, recipe_id, rating_1, rating_2, rating_3) 
                        VALUES (50, 50, 46, 1, 2, 4);
INSERT INTO Cook_Episode_Contestants (episode_id, cook_id, recipe_id, rating_1, rating_2, rating_3) 
                        VALUES (50, 11, 65, 1, 1, 1);
INSERT INTO Cook_Episode_Contestants (episode_id, cook_id, recipe_id, rating_1, rating_2, rating_3) 
                        VALUES (50, 73, 95, 1, 3, 3);
INSERT INTO Cook_Episode_Contestants (episode_id, cook_id, recipe_id, rating_1, rating_2, rating_3) 
                        VALUES (50, 48, 1, 1, 1, 5);
INSERT INTO Cook_Episode_Contestants (episode_id, cook_id, recipe_id, rating_1, rating_2, rating_3) 
                        VALUES (50, 58, 26, 3, 2, 3);
INSERT INTO Nationality_Episode (nationality_id, episode_id) VALUES (19, 50);
INSERT INTO Nationality_Episode (nationality_id, episode_id) VALUES (119, 50);
INSERT INTO Nationality_Episode (nationality_id, episode_id) VALUES (110, 50);
INSERT INTO Nationality_Episode (nationality_id, episode_id) VALUES (56, 50);
INSERT INTO Nationality_Episode (nationality_id, episode_id) VALUES (153, 50);
INSERT INTO Nationality_Episode (nationality_id, episode_id) VALUES (154, 50);
INSERT INTO Nationality_Episode (nationality_id, episode_id) VALUES (79, 50);
INSERT INTO Nationality_Episode (nationality_id, episode_id) VALUES (99, 50);
INSERT INTO Nationality_Episode (nationality_id, episode_id) VALUES (75, 50);
INSERT INTO Nationality_Episode (nationality_id, episode_id) VALUES (160, 50);
INSERT INTO Cook_Episode_Judge (episode_id, cook_id, judge_number) VALUES (50, 20, 1);
INSERT INTO Cook_Episode_Judge (episode_id, cook_id, judge_number) VALUES (50, 81, 2);
INSERT INTO Cook_Episode_Judge (episode_id, cook_id, judge_number) VALUES (50, 5, 3);
INSERT INTO Image (image_url, description) VALUES ('/data_generation/episode_data_generation/images/season_6_episode_1.png', 'This is an image for Episode 1 Season 6');


INSERT INTO Episode (episode_id, season, name, image_id, winner) 
                        VALUES (51, 6, 1, 1264, 39);

INSERT INTO Cook_Episode_Contestants (episode_id, cook_id, recipe_id, rating_1, rating_2, rating_3) 
                        VALUES (51, 79, 45, 4, 1, 4);
INSERT INTO Cook_Episode_Contestants (episode_id, cook_id, recipe_id, rating_1, rating_2, rating_3) 
                        VALUES (51, 99, 29, 1, 5, 4);
INSERT INTO Cook_Episode_Contestants (episode_id, cook_id, recipe_id, rating_1, rating_2, rating_3) 
                        VALUES (51, 94, 91, 5, 4, 4);
INSERT INTO Cook_Episode_Contestants (episode_id, cook_id, recipe_id, rating_1, rating_2, rating_3) 
                        VALUES (51, 73, 95, 5, 2, 4);
INSERT INTO Cook_Episode_Contestants (episode_id, cook_id, recipe_id, rating_1, rating_2, rating_3) 
                        VALUES (51, 56, 26, 4, 3, 3);
INSERT INTO Cook_Episode_Contestants (episode_id, cook_id, recipe_id, rating_1, rating_2, rating_3) 
                        VALUES (51, 71, 25, 1, 1, 3);
INSERT INTO Cook_Episode_Contestants (episode_id, cook_id, recipe_id, rating_1, rating_2, rating_3) 
                        VALUES (51, 39, 2, 5, 4, 5);
INSERT INTO Cook_Episode_Contestants (episode_id, cook_id, recipe_id, rating_1, rating_2, rating_3) 
                        VALUES (51, 84, 63, 5, 3, 4);
INSERT INTO Cook_Episode_Contestants (episode_id, cook_id, recipe_id, rating_1, rating_2, rating_3) 
                        VALUES (51, 86, 97, 2, 1, 2);
INSERT INTO Cook_Episode_Contestants (episode_id, cook_id, recipe_id, rating_1, rating_2, rating_3) 
                        VALUES (51, 80, 78, 5, 4, 2);
INSERT INTO Nationality_Episode (nationality_id, episode_id) VALUES (77, 51);
INSERT INTO Nationality_Episode (nationality_id, episode_id) VALUES (146, 51);
INSERT INTO Nationality_Episode (nationality_id, episode_id) VALUES (71, 51);
INSERT INTO Nationality_Episode (nationality_id, episode_id) VALUES (99, 51);
INSERT INTO Nationality_Episode (nationality_id, episode_id) VALUES (160, 51);
INSERT INTO Nationality_Episode (nationality_id, episode_id) VALUES (178, 51);
INSERT INTO Nationality_Episode (nationality_id, episode_id) VALUES (61, 51);
INSERT INTO Nationality_Episode (nationality_id, episode_id) VALUES (34, 51);
INSERT INTO Nationality_Episode (nationality_id, episode_id) VALUES (125, 51);
INSERT INTO Nationality_Episode (nationality_id, episode_id) VALUES (147, 51);
INSERT INTO Cook_Episode_Judge (episode_id, cook_id, judge_number) VALUES (51, 36, 1);
INSERT INTO Cook_Episode_Judge (episode_id, cook_id, judge_number) VALUES (51, 3, 2);
INSERT INTO Cook_Episode_Judge (episode_id, cook_id, judge_number) VALUES (51, 23, 3);
INSERT INTO Image (image_url, description) VALUES ('/data_generation/episode_data_generation/images/season_6_episode_2.png', 'This is an image for Episode 2 Season 6');


INSERT INTO Episode (episode_id, season, name, image_id, winner) 
                        VALUES (52, 6, 2, 1265, 17);

INSERT INTO Cook_Episode_Contestants (episode_id, cook_id, recipe_id, rating_1, rating_2, rating_3) 
                        VALUES (52, 9, 27, 4, 4, 1);
INSERT INTO Cook_Episode_Contestants (episode_id, cook_id, recipe_id, rating_1, rating_2, rating_3) 
                        VALUES (52, 99, 7, 5, 5, 3);
INSERT INTO Cook_Episode_Contestants (episode_id, cook_id, recipe_id, rating_1, rating_2, rating_3) 
                        VALUES (52, 17, 63, 5, 5, 5);
INSERT INTO Cook_Episode_Contestants (episode_id, cook_id, recipe_id, rating_1, rating_2, rating_3) 
                        VALUES (52, 36, 29, 1, 5, 2);
INSERT INTO Cook_Episode_Contestants (episode_id, cook_id, recipe_id, rating_1, rating_2, rating_3) 
                        VALUES (52, 84, 95, 2, 2, 5);
INSERT INTO Cook_Episode_Contestants (episode_id, cook_id, recipe_id, rating_1, rating_2, rating_3) 
                        VALUES (52, 52, 71, 4, 2, 1);
INSERT INTO Cook_Episode_Contestants (episode_id, cook_id, recipe_id, rating_1, rating_2, rating_3) 
                        VALUES (52, 95, 35, 4, 1, 4);
INSERT INTO Cook_Episode_Contestants (episode_id, cook_id, recipe_id, rating_1, rating_2, rating_3) 
                        VALUES (52, 24, 1, 5, 3, 5);
INSERT INTO Cook_Episode_Contestants (episode_id, cook_id, recipe_id, rating_1, rating_2, rating_3) 
                        VALUES (52, 22, 2, 1, 1, 5);
INSERT INTO Cook_Episode_Contestants (episode_id, cook_id, recipe_id, rating_1, rating_2, rating_3) 
                        VALUES (52, 15, 44, 4, 2, 2);
INSERT INTO Nationality_Episode (nationality_id, episode_id) VALUES (79, 52);
INSERT INTO Nationality_Episode (nationality_id, episode_id) VALUES (147, 52);
INSERT INTO Nationality_Episode (nationality_id, episode_id) VALUES (34, 52);
INSERT INTO Nationality_Episode (nationality_id, episode_id) VALUES (146, 52);
INSERT INTO Nationality_Episode (nationality_id, episode_id) VALUES (99, 52);
INSERT INTO Nationality_Episode (nationality_id, episode_id) VALUES (153, 52);
INSERT INTO Nationality_Episode (nationality_id, episode_id) VALUES (119, 52);
INSERT INTO Nationality_Episode (nationality_id, episode_id) VALUES (75, 52);
INSERT INTO Nationality_Episode (nationality_id, episode_id) VALUES (61, 52);
INSERT INTO Nationality_Episode (nationality_id, episode_id) VALUES (103, 52);
INSERT INTO Cook_Episode_Judge (episode_id, cook_id, judge_number) VALUES (52, 6, 1);
INSERT INTO Cook_Episode_Judge (episode_id, cook_id, judge_number) VALUES (52, 92, 2);
INSERT INTO Cook_Episode_Judge (episode_id, cook_id, judge_number) VALUES (52, 60, 3);
INSERT INTO Image (image_url, description) VALUES ('/data_generation/episode_data_generation/images/season_6_episode_3.png', 'This is an image for Episode 3 Season 6');


INSERT INTO Episode (episode_id, season, name, image_id, winner) 
                        VALUES (53, 6, 3, 1266, 90);

INSERT INTO Cook_Episode_Contestants (episode_id, cook_id, recipe_id, rating_1, rating_2, rating_3) 
                        VALUES (53, 76, 21, 1, 1, 4);
INSERT INTO Cook_Episode_Contestants (episode_id, cook_id, recipe_id, rating_1, rating_2, rating_3) 
                        VALUES (53, 47, 6, 4, 1, 2);
INSERT INTO Cook_Episode_Contestants (episode_id, cook_id, recipe_id, rating_1, rating_2, rating_3) 
                        VALUES (53, 13, 71, 2, 1, 2);
INSERT INTO Cook_Episode_Contestants (episode_id, cook_id, recipe_id, rating_1, rating_2, rating_3) 
                        VALUES (53, 57, 46, 1, 4, 4);
INSERT INTO Cook_Episode_Contestants (episode_id, cook_id, recipe_id, rating_1, rating_2, rating_3) 
                        VALUES (53, 1, 98, 1, 4, 3);
INSERT INTO Cook_Episode_Contestants (episode_id, cook_id, recipe_id, rating_1, rating_2, rating_3) 
                        VALUES (53, 90, 69, 5, 2, 5);
INSERT INTO Cook_Episode_Contestants (episode_id, cook_id, recipe_id, rating_1, rating_2, rating_3) 
                        VALUES (53, 83, 26, 4, 2, 1);
INSERT INTO Cook_Episode_Contestants (episode_id, cook_id, recipe_id, rating_1, rating_2, rating_3) 
                        VALUES (53, 59, 63, 1, 4, 2);
INSERT INTO Cook_Episode_Contestants (episode_id, cook_id, recipe_id, rating_1, rating_2, rating_3) 
                        VALUES (53, 95, 35, 5, 2, 2);
INSERT INTO Cook_Episode_Contestants (episode_id, cook_id, recipe_id, rating_1, rating_2, rating_3) 
                        VALUES (53, 77, 44, 3, 1, 5);
INSERT INTO Nationality_Episode (nationality_id, episode_id) VALUES (177, 53);
INSERT INTO Nationality_Episode (nationality_id, episode_id) VALUES (110, 53);
INSERT INTO Nationality_Episode (nationality_id, episode_id) VALUES (153, 53);
INSERT INTO Nationality_Episode (nationality_id, episode_id) VALUES (154, 53);
INSERT INTO Nationality_Episode (nationality_id, episode_id) VALUES (19, 53);
INSERT INTO Nationality_Episode (nationality_id, episode_id) VALUES (56, 53);
INSERT INTO Nationality_Episode (nationality_id, episode_id) VALUES (160, 53);
INSERT INTO Nationality_Episode (nationality_id, episode_id) VALUES (34, 53);
INSERT INTO Nationality_Episode (nationality_id, episode_id) VALUES (119, 53);
INSERT INTO Nationality_Episode (nationality_id, episode_id) VALUES (103, 53);
INSERT INTO Cook_Episode_Judge (episode_id, cook_id, judge_number) VALUES (53, 74, 1);
INSERT INTO Cook_Episode_Judge (episode_id, cook_id, judge_number) VALUES (53, 82, 2);
INSERT INTO Cook_Episode_Judge (episode_id, cook_id, judge_number) VALUES (53, 41, 3);
INSERT INTO Image (image_url, description) VALUES ('/data_generation/episode_data_generation/images/season_6_episode_4.png', 'This is an image for Episode 4 Season 6');


INSERT INTO Episode (episode_id, season, name, image_id, winner) 
                        VALUES (54, 6, 4, 1267, 36);

INSERT INTO Cook_Episode_Contestants (episode_id, cook_id, recipe_id, rating_1, rating_2, rating_3) 
                        VALUES (54, 52, 71, 5, 1, 4);
INSERT INTO Cook_Episode_Contestants (episode_id, cook_id, recipe_id, rating_1, rating_2, rating_3) 
                        VALUES (54, 80, 57, 1, 2, 2);
INSERT INTO Cook_Episode_Contestants (episode_id, cook_id, recipe_id, rating_1, rating_2, rating_3) 
                        VALUES (54, 36, 35, 2, 5, 5);
INSERT INTO Cook_Episode_Contestants (episode_id, cook_id, recipe_id, rating_1, rating_2, rating_3) 
                        VALUES (54, 47, 6, 3, 3, 2);
INSERT INTO Cook_Episode_Contestants (episode_id, cook_id, recipe_id, rating_1, rating_2, rating_3) 
                        VALUES (54, 1, 98, 2, 3, 4);
INSERT INTO Cook_Episode_Contestants (episode_id, cook_id, recipe_id, rating_1, rating_2, rating_3) 
                        VALUES (54, 64, 44, 5, 5, 1);
INSERT INTO Cook_Episode_Contestants (episode_id, cook_id, recipe_id, rating_1, rating_2, rating_3) 
                        VALUES (54, 11, 50, 3, 2, 5);
INSERT INTO Cook_Episode_Contestants (episode_id, cook_id, recipe_id, rating_1, rating_2, rating_3) 
                        VALUES (54, 7, 29, 1, 4, 2);
INSERT INTO Cook_Episode_Contestants (episode_id, cook_id, recipe_id, rating_1, rating_2, rating_3) 
                        VALUES (54, 90, 28, 5, 1, 1);
INSERT INTO Cook_Episode_Contestants (episode_id, cook_id, recipe_id, rating_1, rating_2, rating_3) 
                        VALUES (54, 28, 30, 1, 3, 1);
INSERT INTO Nationality_Episode (nationality_id, episode_id) VALUES (153, 54);
INSERT INTO Nationality_Episode (nationality_id, episode_id) VALUES (77, 54);
INSERT INTO Nationality_Episode (nationality_id, episode_id) VALUES (119, 54);
INSERT INTO Nationality_Episode (nationality_id, episode_id) VALUES (110, 54);
INSERT INTO Nationality_Episode (nationality_id, episode_id) VALUES (19, 54);
INSERT INTO Nationality_Episode (nationality_id, episode_id) VALUES (103, 54);
INSERT INTO Nationality_Episode (nationality_id, episode_id) VALUES (178, 54);
INSERT INTO Nationality_Episode (nationality_id, episode_id) VALUES (146, 54);
INSERT INTO Nationality_Episode (nationality_id, episode_id) VALUES (71, 54);
INSERT INTO Nationality_Episode (nationality_id, episode_id) VALUES (177, 54);
INSERT INTO Cook_Episode_Judge (episode_id, cook_id, judge_number) VALUES (54, 89, 1);
INSERT INTO Cook_Episode_Judge (episode_id, cook_id, judge_number) VALUES (54, 42, 2);
INSERT INTO Cook_Episode_Judge (episode_id, cook_id, judge_number) VALUES (54, 74, 3);
INSERT INTO Image (image_url, description) VALUES ('/data_generation/episode_data_generation/images/season_6_episode_5.png', 'This is an image for Episode 5 Season 6');


INSERT INTO Episode (episode_id, season, name, image_id, winner) 
                        VALUES (55, 6, 5, 1268, 33);

INSERT INTO Cook_Episode_Contestants (episode_id, cook_id, recipe_id, rating_1, rating_2, rating_3) 
                        VALUES (55, 89, 14, 5, 5, 1);
INSERT INTO Cook_Episode_Contestants (episode_id, cook_id, recipe_id, rating_1, rating_2, rating_3) 
                        VALUES (55, 33, 98, 5, 4, 5);
INSERT INTO Cook_Episode_Contestants (episode_id, cook_id, recipe_id, rating_1, rating_2, rating_3) 
                        VALUES (55, 35, 19, 4, 3, 1);
INSERT INTO Cook_Episode_Contestants (episode_id, cook_id, recipe_id, rating_1, rating_2, rating_3) 
                        VALUES (55, 52, 52, 3, 3, 2);
INSERT INTO Cook_Episode_Contestants (episode_id, cook_id, recipe_id, rating_1, rating_2, rating_3) 
                        VALUES (55, 21, 1, 2, 4, 4);
INSERT INTO Cook_Episode_Contestants (episode_id, cook_id, recipe_id, rating_1, rating_2, rating_3) 
                        VALUES (55, 100, 26, 4, 1, 2);
INSERT INTO Cook_Episode_Contestants (episode_id, cook_id, recipe_id, rating_1, rating_2, rating_3) 
                        VALUES (55, 62, 91, 5, 3, 2);
INSERT INTO Cook_Episode_Contestants (episode_id, cook_id, recipe_id, rating_1, rating_2, rating_3) 
                        VALUES (55, 38, 97, 5, 4, 2);
INSERT INTO Cook_Episode_Contestants (episode_id, cook_id, recipe_id, rating_1, rating_2, rating_3) 
                        VALUES (55, 98, 62, 1, 4, 5);
INSERT INTO Cook_Episode_Contestants (episode_id, cook_id, recipe_id, rating_1, rating_2, rating_3) 
                        VALUES (55, 47, 6, 3, 5, 2);
INSERT INTO Nationality_Episode (nationality_id, episode_id) VALUES (178, 55);
INSERT INTO Nationality_Episode (nationality_id, episode_id) VALUES (19, 55);
INSERT INTO Nationality_Episode (nationality_id, episode_id) VALUES (177, 55);
INSERT INTO Nationality_Episode (nationality_id, episode_id) VALUES (56, 55);
INSERT INTO Nationality_Episode (nationality_id, episode_id) VALUES (75, 55);
INSERT INTO Nationality_Episode (nationality_id, episode_id) VALUES (160, 55);
INSERT INTO Nationality_Episode (nationality_id, episode_id) VALUES (71, 55);
INSERT INTO Nationality_Episode (nationality_id, episode_id) VALUES (125, 55);
INSERT INTO Nationality_Episode (nationality_id, episode_id) VALUES (61, 55);
INSERT INTO Nationality_Episode (nationality_id, episode_id) VALUES (110, 55);
INSERT INTO Cook_Episode_Judge (episode_id, cook_id, judge_number) VALUES (55, 65, 1);
INSERT INTO Cook_Episode_Judge (episode_id, cook_id, judge_number) VALUES (55, 93, 2);
INSERT INTO Cook_Episode_Judge (episode_id, cook_id, judge_number) VALUES (55, 94, 3);
INSERT INTO Image (image_url, description) VALUES ('/data_generation/episode_data_generation/images/season_6_episode_6.png', 'This is an image for Episode 6 Season 6');


INSERT INTO Episode (episode_id, season, name, image_id, winner) 
                        VALUES (56, 6, 6, 1269, 31);

INSERT INTO Cook_Episode_Contestants (episode_id, cook_id, recipe_id, rating_1, rating_2, rating_3) 
                        VALUES (56, 30, 2, 4, 4, 1);
INSERT INTO Cook_Episode_Contestants (episode_id, cook_id, recipe_id, rating_1, rating_2, rating_3) 
                        VALUES (56, 11, 35, 3, 1, 5);
INSERT INTO Cook_Episode_Contestants (episode_id, cook_id, recipe_id, rating_1, rating_2, rating_3) 
                        VALUES (56, 24, 1, 2, 4, 2);
INSERT INTO Cook_Episode_Contestants (episode_id, cook_id, recipe_id, rating_1, rating_2, rating_3) 
                        VALUES (56, 31, 46, 4, 3, 2);
INSERT INTO Cook_Episode_Contestants (episode_id, cook_id, recipe_id, rating_1, rating_2, rating_3) 
                        VALUES (56, 64, 49, 1, 1, 2);
INSERT INTO Cook_Episode_Contestants (episode_id, cook_id, recipe_id, rating_1, rating_2, rating_3) 
                        VALUES (56, 22, 63, 1, 2, 5);
INSERT INTO Cook_Episode_Contestants (episode_id, cook_id, recipe_id, rating_1, rating_2, rating_3) 
                        VALUES (56, 29, 47, 5, 1, 1);
INSERT INTO Cook_Episode_Contestants (episode_id, cook_id, recipe_id, rating_1, rating_2, rating_3) 
                        VALUES (56, 41, 53, 4, 3, 2);
INSERT INTO Cook_Episode_Contestants (episode_id, cook_id, recipe_id, rating_1, rating_2, rating_3) 
                        VALUES (56, 56, 78, 2, 3, 2);
INSERT INTO Cook_Episode_Contestants (episode_id, cook_id, recipe_id, rating_1, rating_2, rating_3) 
                        VALUES (56, 59, 4, 2, 2, 1);
INSERT INTO Nationality_Episode (nationality_id, episode_id) VALUES (61, 56);
INSERT INTO Nationality_Episode (nationality_id, episode_id) VALUES (119, 56);
INSERT INTO Nationality_Episode (nationality_id, episode_id) VALUES (75, 56);
INSERT INTO Nationality_Episode (nationality_id, episode_id) VALUES (154, 56);
INSERT INTO Nationality_Episode (nationality_id, episode_id) VALUES (146, 56);
INSERT INTO Nationality_Episode (nationality_id, episode_id) VALUES (34, 56);
INSERT INTO Nationality_Episode (nationality_id, episode_id) VALUES (79, 56);
INSERT INTO Nationality_Episode (nationality_id, episode_id) VALUES (77, 56);
INSERT INTO Nationality_Episode (nationality_id, episode_id) VALUES (147, 56);
INSERT INTO Nationality_Episode (nationality_id, episode_id) VALUES (71, 56);
INSERT INTO Cook_Episode_Judge (episode_id, cook_id, judge_number) VALUES (56, 23, 1);
INSERT INTO Cook_Episode_Judge (episode_id, cook_id, judge_number) VALUES (56, 97, 2);
INSERT INTO Cook_Episode_Judge (episode_id, cook_id, judge_number) VALUES (56, 92, 3);
INSERT INTO Image (image_url, description) VALUES ('/data_generation/episode_data_generation/images/season_6_episode_7.png', 'This is an image for Episode 7 Season 6');


INSERT INTO Episode (episode_id, season, name, image_id, winner) 
                        VALUES (57, 6, 7, 1270, 71);

INSERT INTO Cook_Episode_Contestants (episode_id, cook_id, recipe_id, rating_1, rating_2, rating_3) 
                        VALUES (57, 91, 69, 5, 1, 1);
INSERT INTO Cook_Episode_Contestants (episode_id, cook_id, recipe_id, rating_1, rating_2, rating_3) 
                        VALUES (57, 71, 46, 5, 5, 5);
INSERT INTO Cook_Episode_Contestants (episode_id, cook_id, recipe_id, rating_1, rating_2, rating_3) 
                        VALUES (57, 46, 7, 3, 5, 3);
INSERT INTO Cook_Episode_Contestants (episode_id, cook_id, recipe_id, rating_1, rating_2, rating_3) 
                        VALUES (57, 73, 95, 3, 4, 2);
INSERT INTO Cook_Episode_Contestants (episode_id, cook_id, recipe_id, rating_1, rating_2, rating_3) 
                        VALUES (57, 33, 98, 3, 4, 2);
INSERT INTO Cook_Episode_Contestants (episode_id, cook_id, recipe_id, rating_1, rating_2, rating_3) 
                        VALUES (57, 38, 97, 4, 4, 3);
INSERT INTO Cook_Episode_Contestants (episode_id, cook_id, recipe_id, rating_1, rating_2, rating_3) 
                        VALUES (57, 77, 1, 4, 2, 4);
INSERT INTO Cook_Episode_Contestants (episode_id, cook_id, recipe_id, rating_1, rating_2, rating_3) 
                        VALUES (57, 17, 71, 4, 1, 2);
INSERT INTO Cook_Episode_Contestants (episode_id, cook_id, recipe_id, rating_1, rating_2, rating_3) 
                        VALUES (57, 13, 39, 2, 3, 5);
INSERT INTO Cook_Episode_Contestants (episode_id, cook_id, recipe_id, rating_1, rating_2, rating_3) 
                        VALUES (57, 2, 96, 3, 1, 5);
INSERT INTO Nationality_Episode (nationality_id, episode_id) VALUES (56, 57);
INSERT INTO Nationality_Episode (nationality_id, episode_id) VALUES (154, 57);
INSERT INTO Nationality_Episode (nationality_id, episode_id) VALUES (147, 57);
INSERT INTO Nationality_Episode (nationality_id, episode_id) VALUES (99, 57);
INSERT INTO Nationality_Episode (nationality_id, episode_id) VALUES (19, 57);
INSERT INTO Nationality_Episode (nationality_id, episode_id) VALUES (125, 57);
INSERT INTO Nationality_Episode (nationality_id, episode_id) VALUES (75, 57);
INSERT INTO Nationality_Episode (nationality_id, episode_id) VALUES (153, 57);
INSERT INTO Nationality_Episode (nationality_id, episode_id) VALUES (178, 57);
INSERT INTO Nationality_Episode (nationality_id, episode_id) VALUES (160, 57);
INSERT INTO Cook_Episode_Judge (episode_id, cook_id, judge_number) VALUES (57, 27, 1);
INSERT INTO Cook_Episode_Judge (episode_id, cook_id, judge_number) VALUES (57, 49, 2);
INSERT INTO Cook_Episode_Judge (episode_id, cook_id, judge_number) VALUES (57, 5, 3);
INSERT INTO Image (image_url, description) VALUES ('/data_generation/episode_data_generation/images/season_6_episode_8.png', 'This is an image for Episode 8 Season 6');


INSERT INTO Episode (episode_id, season, name, image_id, winner) 
                        VALUES (58, 6, 8, 1271, 64);

INSERT INTO Cook_Episode_Contestants (episode_id, cook_id, recipe_id, rating_1, rating_2, rating_3) 
                        VALUES (58, 38, 97, 3, 3, 1);
INSERT INTO Cook_Episode_Contestants (episode_id, cook_id, recipe_id, rating_1, rating_2, rating_3) 
                        VALUES (58, 64, 44, 5, 5, 4);
INSERT INTO Cook_Episode_Contestants (episode_id, cook_id, recipe_id, rating_1, rating_2, rating_3) 
                        VALUES (58, 67, 95, 4, 1, 2);
INSERT INTO Cook_Episode_Contestants (episode_id, cook_id, recipe_id, rating_1, rating_2, rating_3) 
                        VALUES (58, 4, 71, 2, 1, 2);
INSERT INTO Cook_Episode_Contestants (episode_id, cook_id, recipe_id, rating_1, rating_2, rating_3) 
                        VALUES (58, 92, 49, 4, 1, 2);
INSERT INTO Cook_Episode_Contestants (episode_id, cook_id, recipe_id, rating_1, rating_2, rating_3) 
                        VALUES (58, 72, 26, 3, 3, 1);
INSERT INTO Cook_Episode_Contestants (episode_id, cook_id, recipe_id, rating_1, rating_2, rating_3) 
                        VALUES (58, 40, 2, 4, 5, 4);
INSERT INTO Cook_Episode_Contestants (episode_id, cook_id, recipe_id, rating_1, rating_2, rating_3) 
                        VALUES (58, 99, 78, 3, 2, 5);
INSERT INTO Cook_Episode_Contestants (episode_id, cook_id, recipe_id, rating_1, rating_2, rating_3) 
                        VALUES (58, 54, 16, 5, 5, 1);
INSERT INTO Cook_Episode_Contestants (episode_id, cook_id, recipe_id, rating_1, rating_2, rating_3) 
                        VALUES (58, 84, 17, 5, 3, 3);
INSERT INTO Nationality_Episode (nationality_id, episode_id) VALUES (125, 58);
INSERT INTO Nationality_Episode (nationality_id, episode_id) VALUES (103, 58);
INSERT INTO Nationality_Episode (nationality_id, episode_id) VALUES (99, 58);
INSERT INTO Nationality_Episode (nationality_id, episode_id) VALUES (153, 58);
INSERT INTO Nationality_Episode (nationality_id, episode_id) VALUES (146, 58);
INSERT INTO Nationality_Episode (nationality_id, episode_id) VALUES (160, 58);
INSERT INTO Nationality_Episode (nationality_id, episode_id) VALUES (61, 58);
INSERT INTO Nationality_Episode (nationality_id, episode_id) VALUES (147, 58);
INSERT INTO Nationality_Episode (nationality_id, episode_id) VALUES (77, 58);
INSERT INTO Nationality_Episode (nationality_id, episode_id) VALUES (178, 58);
INSERT INTO Cook_Episode_Judge (episode_id, cook_id, judge_number) VALUES (58, 62, 1);
INSERT INTO Cook_Episode_Judge (episode_id, cook_id, judge_number) VALUES (58, 61, 2);
INSERT INTO Cook_Episode_Judge (episode_id, cook_id, judge_number) VALUES (58, 98, 3);
INSERT INTO Image (image_url, description) VALUES ('/data_generation/episode_data_generation/images/season_6_episode_9.png', 'This is an image for Episode 9 Season 6');


INSERT INTO Episode (episode_id, season, name, image_id, winner) 
                        VALUES (59, 6, 9, 1272, 17);

INSERT INTO Cook_Episode_Contestants (episode_id, cook_id, recipe_id, rating_1, rating_2, rating_3) 
                        VALUES (59, 40, 88, 1, 5, 4);
INSERT INTO Cook_Episode_Contestants (episode_id, cook_id, recipe_id, rating_1, rating_2, rating_3) 
                        VALUES (59, 90, 44, 4, 4, 1);
INSERT INTO Cook_Episode_Contestants (episode_id, cook_id, recipe_id, rating_1, rating_2, rating_3) 
                        VALUES (59, 54, 71, 5, 5, 3);
INSERT INTO Cook_Episode_Contestants (episode_id, cook_id, recipe_id, rating_1, rating_2, rating_3) 
                        VALUES (59, 51, 47, 1, 4, 5);
INSERT INTO Cook_Episode_Contestants (episode_id, cook_id, recipe_id, rating_1, rating_2, rating_3) 
                        VALUES (59, 46, 68, 5, 4, 1);
INSERT INTO Cook_Episode_Contestants (episode_id, cook_id, recipe_id, rating_1, rating_2, rating_3) 
                        VALUES (59, 57, 46, 2, 1, 3);
INSERT INTO Cook_Episode_Contestants (episode_id, cook_id, recipe_id, rating_1, rating_2, rating_3) 
                        VALUES (59, 14, 56, 4, 5, 1);
INSERT INTO Cook_Episode_Contestants (episode_id, cook_id, recipe_id, rating_1, rating_2, rating_3) 
                        VALUES (59, 47, 6, 4, 1, 1);
INSERT INTO Cook_Episode_Contestants (episode_id, cook_id, recipe_id, rating_1, rating_2, rating_3) 
                        VALUES (59, 17, 63, 5, 5, 4);
INSERT INTO Cook_Episode_Contestants (episode_id, cook_id, recipe_id, rating_1, rating_2, rating_3) 
                        VALUES (59, 3, 98, 5, 5, 3);
INSERT INTO Nationality_Episode (nationality_id, episode_id) VALUES (178, 59);
INSERT INTO Nationality_Episode (nationality_id, episode_id) VALUES (103, 59);
INSERT INTO Nationality_Episode (nationality_id, episode_id) VALUES (153, 59);
INSERT INTO Nationality_Episode (nationality_id, episode_id) VALUES (79, 59);
INSERT INTO Nationality_Episode (nationality_id, episode_id) VALUES (56, 59);
INSERT INTO Nationality_Episode (nationality_id, episode_id) VALUES (154, 59);
INSERT INTO Nationality_Episode (nationality_id, episode_id) VALUES (77, 59);
INSERT INTO Nationality_Episode (nationality_id, episode_id) VALUES (110, 59);
INSERT INTO Nationality_Episode (nationality_id, episode_id) VALUES (34, 59);
INSERT INTO Nationality_Episode (nationality_id, episode_id) VALUES (19, 59);
INSERT INTO Cook_Episode_Judge (episode_id, cook_id, judge_number) VALUES (59, 87, 1);
INSERT INTO Cook_Episode_Judge (episode_id, cook_id, judge_number) VALUES (59, 76, 2);
INSERT INTO Cook_Episode_Judge (episode_id, cook_id, judge_number) VALUES (59, 22, 3);
INSERT INTO Image (image_url, description) VALUES ('/data_generation/episode_data_generation/images/season_6_episode_10.png', 'This is an image for Episode 10 Season 6');


INSERT INTO Episode (episode_id, season, name, image_id, winner) 
                        VALUES (60, 6, 10, 1273, 55);

INSERT INTO Cook_Episode_Contestants (episode_id, cook_id, recipe_id, rating_1, rating_2, rating_3) 
                        VALUES (60, 53, 46, 3, 4, 1);
INSERT INTO Cook_Episode_Contestants (episode_id, cook_id, recipe_id, rating_1, rating_2, rating_3) 
                        VALUES (60, 60, 66, 4, 5, 2);
INSERT INTO Cook_Episode_Contestants (episode_id, cook_id, recipe_id, rating_1, rating_2, rating_3) 
                        VALUES (60, 40, 26, 3, 5, 1);
INSERT INTO Cook_Episode_Contestants (episode_id, cook_id, recipe_id, rating_1, rating_2, rating_3) 
                        VALUES (60, 1, 62, 3, 3, 3);
INSERT INTO Cook_Episode_Contestants (episode_id, cook_id, recipe_id, rating_1, rating_2, rating_3) 
                        VALUES (60, 69, 63, 5, 5, 1);
INSERT INTO Cook_Episode_Contestants (episode_id, cook_id, recipe_id, rating_1, rating_2, rating_3) 
                        VALUES (60, 55, 47, 5, 5, 4);
INSERT INTO Cook_Episode_Contestants (episode_id, cook_id, recipe_id, rating_1, rating_2, rating_3) 
                        VALUES (60, 33, 98, 4, 5, 1);
INSERT INTO Cook_Episode_Contestants (episode_id, cook_id, recipe_id, rating_1, rating_2, rating_3) 
                        VALUES (60, 86, 16, 1, 2, 4);
INSERT INTO Cook_Episode_Contestants (episode_id, cook_id, recipe_id, rating_1, rating_2, rating_3) 
                        VALUES (60, 4, 1, 4, 2, 4);
INSERT INTO Cook_Episode_Contestants (episode_id, cook_id, recipe_id, rating_1, rating_2, rating_3) 
                        VALUES (60, 5, 44, 4, 2, 1);
INSERT INTO Nationality_Episode (nationality_id, episode_id) VALUES (154, 60);
INSERT INTO Nationality_Episode (nationality_id, episode_id) VALUES (119, 60);
INSERT INTO Nationality_Episode (nationality_id, episode_id) VALUES (160, 60);
INSERT INTO Nationality_Episode (nationality_id, episode_id) VALUES (61, 60);
INSERT INTO Nationality_Episode (nationality_id, episode_id) VALUES (34, 60);
INSERT INTO Nationality_Episode (nationality_id, episode_id) VALUES (79, 60);
INSERT INTO Nationality_Episode (nationality_id, episode_id) VALUES (19, 60);
INSERT INTO Nationality_Episode (nationality_id, episode_id) VALUES (77, 60);
INSERT INTO Nationality_Episode (nationality_id, episode_id) VALUES (75, 60);
INSERT INTO Nationality_Episode (nationality_id, episode_id) VALUES (103, 60);
INSERT INTO Cook_Episode_Judge (episode_id, cook_id, judge_number) VALUES (60, 8, 1);
INSERT INTO Cook_Episode_Judge (episode_id, cook_id, judge_number) VALUES (60, 94, 2);
INSERT INTO Cook_Episode_Judge (episode_id, cook_id, judge_number) VALUES (60, 81, 3);
INSERT INTO Image (image_url, description) VALUES ('/data_generation/episode_data_generation/images/season_7_episode_1.png', 'This is an image for Episode 1 Season 7');


INSERT INTO Episode (episode_id, season, name, image_id, winner) 
                        VALUES (61, 7, 1, 1274, 79);

INSERT INTO Cook_Episode_Contestants (episode_id, cook_id, recipe_id, rating_1, rating_2, rating_3) 
                        VALUES (61, 90, 98, 3, 5, 2);
INSERT INTO Cook_Episode_Contestants (episode_id, cook_id, recipe_id, rating_1, rating_2, rating_3) 
                        VALUES (61, 79, 63, 5, 2, 5);
INSERT INTO Cook_Episode_Contestants (episode_id, cook_id, recipe_id, rating_1, rating_2, rating_3) 
                        VALUES (61, 69, 1, 5, 4, 1);
INSERT INTO Cook_Episode_Contestants (episode_id, cook_id, recipe_id, rating_1, rating_2, rating_3) 
                        VALUES (61, 83, 95, 4, 3, 3);
INSERT INTO Cook_Episode_Contestants (episode_id, cook_id, recipe_id, rating_1, rating_2, rating_3) 
                        VALUES (61, 86, 97, 5, 3, 4);
INSERT INTO Cook_Episode_Contestants (episode_id, cook_id, recipe_id, rating_1, rating_2, rating_3) 
                        VALUES (61, 50, 27, 3, 4, 5);
INSERT INTO Cook_Episode_Contestants (episode_id, cook_id, recipe_id, rating_1, rating_2, rating_3) 
                        VALUES (61, 5, 96, 5, 3, 4);
INSERT INTO Cook_Episode_Contestants (episode_id, cook_id, recipe_id, rating_1, rating_2, rating_3) 
                        VALUES (61, 92, 78, 3, 4, 5);
INSERT INTO Cook_Episode_Contestants (episode_id, cook_id, recipe_id, rating_1, rating_2, rating_3) 
                        VALUES (61, 47, 6, 3, 3, 3);
INSERT INTO Cook_Episode_Contestants (episode_id, cook_id, recipe_id, rating_1, rating_2, rating_3) 
                        VALUES (61, 15, 66, 1, 1, 3);
INSERT INTO Nationality_Episode (nationality_id, episode_id) VALUES (19, 61);
INSERT INTO Nationality_Episode (nationality_id, episode_id) VALUES (34, 61);
INSERT INTO Nationality_Episode (nationality_id, episode_id) VALUES (75, 61);
INSERT INTO Nationality_Episode (nationality_id, episode_id) VALUES (99, 61);
INSERT INTO Nationality_Episode (nationality_id, episode_id) VALUES (125, 61);
INSERT INTO Nationality_Episode (nationality_id, episode_id) VALUES (79, 61);
INSERT INTO Nationality_Episode (nationality_id, episode_id) VALUES (160, 61);
INSERT INTO Nationality_Episode (nationality_id, episode_id) VALUES (147, 61);
INSERT INTO Nationality_Episode (nationality_id, episode_id) VALUES (110, 61);
INSERT INTO Nationality_Episode (nationality_id, episode_id) VALUES (119, 61);
INSERT INTO Cook_Episode_Judge (episode_id, cook_id, judge_number) VALUES (61, 20, 1);
INSERT INTO Cook_Episode_Judge (episode_id, cook_id, judge_number) VALUES (61, 89, 2);
INSERT INTO Cook_Episode_Judge (episode_id, cook_id, judge_number) VALUES (61, 24, 3);
INSERT INTO Image (image_url, description) VALUES ('/data_generation/episode_data_generation/images/season_7_episode_2.png', 'This is an image for Episode 2 Season 7');


INSERT INTO Episode (episode_id, season, name, image_id, winner) 
                        VALUES (62, 7, 2, 1275, 52);

INSERT INTO Cook_Episode_Contestants (episode_id, cook_id, recipe_id, rating_1, rating_2, rating_3) 
                        VALUES (62, 74, 44, 3, 3, 2);
INSERT INTO Cook_Episode_Contestants (episode_id, cook_id, recipe_id, rating_1, rating_2, rating_3) 
                        VALUES (62, 80, 96, 3, 1, 4);
INSERT INTO Cook_Episode_Contestants (episode_id, cook_id, recipe_id, rating_1, rating_2, rating_3) 
                        VALUES (62, 52, 71, 4, 3, 5);
INSERT INTO Cook_Episode_Contestants (episode_id, cook_id, recipe_id, rating_1, rating_2, rating_3) 
                        VALUES (62, 92, 78, 2, 5, 5);
INSERT INTO Cook_Episode_Contestants (episode_id, cook_id, recipe_id, rating_1, rating_2, rating_3) 
                        VALUES (62, 55, 97, 3, 4, 2);
INSERT INTO Cook_Episode_Contestants (episode_id, cook_id, recipe_id, rating_1, rating_2, rating_3) 
                        VALUES (62, 47, 6, 4, 5, 1);
INSERT INTO Cook_Episode_Contestants (episode_id, cook_id, recipe_id, rating_1, rating_2, rating_3) 
                        VALUES (62, 70, 64, 3, 5, 3);
INSERT INTO Cook_Episode_Contestants (episode_id, cook_id, recipe_id, rating_1, rating_2, rating_3) 
                        VALUES (62, 57, 10, 2, 2, 5);
INSERT INTO Cook_Episode_Contestants (episode_id, cook_id, recipe_id, rating_1, rating_2, rating_3) 
                        VALUES (62, 49, 52, 3, 2, 1);
INSERT INTO Cook_Episode_Contestants (episode_id, cook_id, recipe_id, rating_1, rating_2, rating_3) 
                        VALUES (62, 82, 46, 1, 4, 1);
INSERT INTO Nationality_Episode (nationality_id, episode_id) VALUES (103, 62);
INSERT INTO Nationality_Episode (nationality_id, episode_id) VALUES (160, 62);
INSERT INTO Nationality_Episode (nationality_id, episode_id) VALUES (153, 62);
INSERT INTO Nationality_Episode (nationality_id, episode_id) VALUES (147, 62);
INSERT INTO Nationality_Episode (nationality_id, episode_id) VALUES (125, 62);
INSERT INTO Nationality_Episode (nationality_id, episode_id) VALUES (110, 62);
INSERT INTO Nationality_Episode (nationality_id, episode_id) VALUES (71, 62);
INSERT INTO Nationality_Episode (nationality_id, episode_id) VALUES (177, 62);
INSERT INTO Nationality_Episode (nationality_id, episode_id) VALUES (56, 62);
INSERT INTO Nationality_Episode (nationality_id, episode_id) VALUES (154, 62);
INSERT INTO Cook_Episode_Judge (episode_id, cook_id, judge_number) VALUES (62, 23, 1);
INSERT INTO Cook_Episode_Judge (episode_id, cook_id, judge_number) VALUES (62, 3, 2);
INSERT INTO Cook_Episode_Judge (episode_id, cook_id, judge_number) VALUES (62, 79, 3);
INSERT INTO Image (image_url, description) VALUES ('/data_generation/episode_data_generation/images/season_7_episode_3.png', 'This is an image for Episode 3 Season 7');


INSERT INTO Episode (episode_id, season, name, image_id, winner) 
                        VALUES (63, 7, 3, 1276, 83);

INSERT INTO Cook_Episode_Contestants (episode_id, cook_id, recipe_id, rating_1, rating_2, rating_3) 
                        VALUES (63, 62, 49, 1, 5, 3);
INSERT INTO Cook_Episode_Contestants (episode_id, cook_id, recipe_id, rating_1, rating_2, rating_3) 
                        VALUES (63, 50, 17, 2, 2, 2);
INSERT INTO Cook_Episode_Contestants (episode_id, cook_id, recipe_id, rating_1, rating_2, rating_3) 
                        VALUES (63, 60, 43, 3, 3, 2);
INSERT INTO Cook_Episode_Contestants (episode_id, cook_id, recipe_id, rating_1, rating_2, rating_3) 
                        VALUES (63, 3, 27, 3, 5, 2);
INSERT INTO Cook_Episode_Contestants (episode_id, cook_id, recipe_id, rating_1, rating_2, rating_3) 
                        VALUES (63, 88, 85, 3, 1, 3);
INSERT INTO Cook_Episode_Contestants (episode_id, cook_id, recipe_id, rating_1, rating_2, rating_3) 
                        VALUES (63, 83, 95, 5, 5, 1);
INSERT INTO Cook_Episode_Contestants (episode_id, cook_id, recipe_id, rating_1, rating_2, rating_3) 
                        VALUES (63, 86, 97, 5, 3, 2);
INSERT INTO Cook_Episode_Contestants (episode_id, cook_id, recipe_id, rating_1, rating_2, rating_3) 
                        VALUES (63, 18, 44, 4, 2, 2);
INSERT INTO Cook_Episode_Contestants (episode_id, cook_id, recipe_id, rating_1, rating_2, rating_3) 
                        VALUES (63, 16, 91, 2, 2, 2);
INSERT INTO Cook_Episode_Contestants (episode_id, cook_id, recipe_id, rating_1, rating_2, rating_3) 
                        VALUES (63, 55, 2, 1, 3, 1);
INSERT INTO Nationality_Episode (nationality_id, episode_id) VALUES (146, 63);
INSERT INTO Nationality_Episode (nationality_id, episode_id) VALUES (178, 63);
INSERT INTO Nationality_Episode (nationality_id, episode_id) VALUES (77, 63);
INSERT INTO Nationality_Episode (nationality_id, episode_id) VALUES (79, 63);
INSERT INTO Nationality_Episode (nationality_id, episode_id) VALUES (177, 63);
INSERT INTO Nationality_Episode (nationality_id, episode_id) VALUES (99, 63);
INSERT INTO Nationality_Episode (nationality_id, episode_id) VALUES (125, 63);
INSERT INTO Nationality_Episode (nationality_id, episode_id) VALUES (103, 63);
INSERT INTO Nationality_Episode (nationality_id, episode_id) VALUES (71, 63);
INSERT INTO Nationality_Episode (nationality_id, episode_id) VALUES (61, 63);
INSERT INTO Cook_Episode_Judge (episode_id, cook_id, judge_number) VALUES (63, 58, 1);
INSERT INTO Cook_Episode_Judge (episode_id, cook_id, judge_number) VALUES (63, 5, 2);
INSERT INTO Cook_Episode_Judge (episode_id, cook_id, judge_number) VALUES (63, 63, 3);
INSERT INTO Image (image_url, description) VALUES ('/data_generation/episode_data_generation/images/season_7_episode_4.png', 'This is an image for Episode 4 Season 7');


INSERT INTO Episode (episode_id, season, name, image_id, winner) 
                        VALUES (64, 7, 4, 1277, 87);

INSERT INTO Cook_Episode_Contestants (episode_id, cook_id, recipe_id, rating_1, rating_2, rating_3) 
                        VALUES (64, 54, 28, 2, 3, 2);
INSERT INTO Cook_Episode_Contestants (episode_id, cook_id, recipe_id, rating_1, rating_2, rating_3) 
                        VALUES (64, 89, 63, 1, 4, 3);
INSERT INTO Cook_Episode_Contestants (episode_id, cook_id, recipe_id, rating_1, rating_2, rating_3) 
                        VALUES (64, 72, 26, 2, 2, 5);
INSERT INTO Cook_Episode_Contestants (episode_id, cook_id, recipe_id, rating_1, rating_2, rating_3) 
                        VALUES (64, 13, 54, 2, 2, 2);
INSERT INTO Cook_Episode_Contestants (episode_id, cook_id, recipe_id, rating_1, rating_2, rating_3) 
                        VALUES (64, 18, 44, 1, 4, 5);
INSERT INTO Cook_Episode_Contestants (episode_id, cook_id, recipe_id, rating_1, rating_2, rating_3) 
                        VALUES (64, 65, 25, 3, 2, 3);
INSERT INTO Cook_Episode_Contestants (episode_id, cook_id, recipe_id, rating_1, rating_2, rating_3) 
                        VALUES (64, 3, 98, 1, 2, 5);
INSERT INTO Cook_Episode_Contestants (episode_id, cook_id, recipe_id, rating_1, rating_2, rating_3) 
                        VALUES (64, 67, 1, 3, 4, 4);
INSERT INTO Cook_Episode_Contestants (episode_id, cook_id, recipe_id, rating_1, rating_2, rating_3) 
                        VALUES (64, 47, 6, 1, 3, 3);
INSERT INTO Cook_Episode_Contestants (episode_id, cook_id, recipe_id, rating_1, rating_2, rating_3) 
                        VALUES (64, 87, 46, 3, 4, 4);
INSERT INTO Nationality_Episode (nationality_id, episode_id) VALUES (71, 64);
INSERT INTO Nationality_Episode (nationality_id, episode_id) VALUES (34, 64);
INSERT INTO Nationality_Episode (nationality_id, episode_id) VALUES (160, 64);
INSERT INTO Nationality_Episode (nationality_id, episode_id) VALUES (77, 64);
INSERT INTO Nationality_Episode (nationality_id, episode_id) VALUES (103, 64);
INSERT INTO Nationality_Episode (nationality_id, episode_id) VALUES (178, 64);
INSERT INTO Nationality_Episode (nationality_id, episode_id) VALUES (19, 64);
INSERT INTO Nationality_Episode (nationality_id, episode_id) VALUES (75, 64);
INSERT INTO Nationality_Episode (nationality_id, episode_id) VALUES (110, 64);
INSERT INTO Nationality_Episode (nationality_id, episode_id) VALUES (154, 64);
INSERT INTO Cook_Episode_Judge (episode_id, cook_id, judge_number) VALUES (64, 5, 1);
INSERT INTO Cook_Episode_Judge (episode_id, cook_id, judge_number) VALUES (64, 20, 2);
INSERT INTO Cook_Episode_Judge (episode_id, cook_id, judge_number) VALUES (64, 78, 3);
INSERT INTO Image (image_url, description) VALUES ('/data_generation/episode_data_generation/images/season_7_episode_5.png', 'This is an image for Episode 5 Season 7');


INSERT INTO Episode (episode_id, season, name, image_id, winner) 
                        VALUES (65, 7, 5, 1278, 55);

INSERT INTO Cook_Episode_Contestants (episode_id, cook_id, recipe_id, rating_1, rating_2, rating_3) 
                        VALUES (65, 67, 95, 3, 2, 2);
INSERT INTO Cook_Episode_Contestants (episode_id, cook_id, recipe_id, rating_1, rating_2, rating_3) 
                        VALUES (65, 72, 96, 2, 4, 2);
INSERT INTO Cook_Episode_Contestants (episode_id, cook_id, recipe_id, rating_1, rating_2, rating_3) 
                        VALUES (65, 35, 68, 2, 1, 2);
INSERT INTO Cook_Episode_Contestants (episode_id, cook_id, recipe_id, rating_1, rating_2, rating_3) 
                        VALUES (65, 86, 97, 2, 2, 3);
INSERT INTO Cook_Episode_Contestants (episode_id, cook_id, recipe_id, rating_1, rating_2, rating_3) 
                        VALUES (65, 90, 98, 2, 5, 1);
INSERT INTO Cook_Episode_Contestants (episode_id, cook_id, recipe_id, rating_1, rating_2, rating_3) 
                        VALUES (65, 13, 50, 4, 2, 2);
INSERT INTO Cook_Episode_Contestants (episode_id, cook_id, recipe_id, rating_1, rating_2, rating_3) 
                        VALUES (65, 47, 6, 4, 4, 3);
INSERT INTO Cook_Episode_Contestants (episode_id, cook_id, recipe_id, rating_1, rating_2, rating_3) 
                        VALUES (65, 32, 62, 5, 4, 2);
INSERT INTO Cook_Episode_Contestants (episode_id, cook_id, recipe_id, rating_1, rating_2, rating_3) 
                        VALUES (65, 11, 66, 5, 2, 4);
INSERT INTO Cook_Episode_Contestants (episode_id, cook_id, recipe_id, rating_1, rating_2, rating_3) 
                        VALUES (65, 55, 47, 5, 5, 2);
INSERT INTO Nationality_Episode (nationality_id, episode_id) VALUES (99, 65);
INSERT INTO Nationality_Episode (nationality_id, episode_id) VALUES (160, 65);
INSERT INTO Nationality_Episode (nationality_id, episode_id) VALUES (56, 65);
INSERT INTO Nationality_Episode (nationality_id, episode_id) VALUES (125, 65);
INSERT INTO Nationality_Episode (nationality_id, episode_id) VALUES (19, 65);
INSERT INTO Nationality_Episode (nationality_id, episode_id) VALUES (178, 65);
INSERT INTO Nationality_Episode (nationality_id, episode_id) VALUES (110, 65);
INSERT INTO Nationality_Episode (nationality_id, episode_id) VALUES (61, 65);
INSERT INTO Nationality_Episode (nationality_id, episode_id) VALUES (119, 65);
INSERT INTO Nationality_Episode (nationality_id, episode_id) VALUES (79, 65);
INSERT INTO Cook_Episode_Judge (episode_id, cook_id, judge_number) VALUES (65, 97, 1);
INSERT INTO Cook_Episode_Judge (episode_id, cook_id, judge_number) VALUES (65, 37, 2);
INSERT INTO Cook_Episode_Judge (episode_id, cook_id, judge_number) VALUES (65, 77, 3);
INSERT INTO Image (image_url, description) VALUES ('/data_generation/episode_data_generation/images/season_7_episode_6.png', 'This is an image for Episode 6 Season 7');


INSERT INTO Episode (episode_id, season, name, image_id, winner) 
                        VALUES (66, 7, 6, 1279, 28);

INSERT INTO Cook_Episode_Contestants (episode_id, cook_id, recipe_id, rating_1, rating_2, rating_3) 
                        VALUES (66, 58, 74, 5, 2, 1);
INSERT INTO Cook_Episode_Contestants (episode_id, cook_id, recipe_id, rating_1, rating_2, rating_3) 
                        VALUES (66, 86, 41, 1, 5, 2);
INSERT INTO Cook_Episode_Contestants (episode_id, cook_id, recipe_id, rating_1, rating_2, rating_3) 
                        VALUES (66, 73, 1, 3, 4, 2);
INSERT INTO Cook_Episode_Contestants (episode_id, cook_id, recipe_id, rating_1, rating_2, rating_3) 
                        VALUES (66, 28, 27, 5, 5, 4);
INSERT INTO Cook_Episode_Contestants (episode_id, cook_id, recipe_id, rating_1, rating_2, rating_3) 
                        VALUES (66, 66, 8, 2, 5, 4);
INSERT INTO Cook_Episode_Contestants (episode_id, cook_id, recipe_id, rating_1, rating_2, rating_3) 
                        VALUES (66, 56, 96, 3, 2, 2);
INSERT INTO Cook_Episode_Contestants (episode_id, cook_id, recipe_id, rating_1, rating_2, rating_3) 
                        VALUES (66, 67, 95, 2, 3, 1);
INSERT INTO Cook_Episode_Contestants (episode_id, cook_id, recipe_id, rating_1, rating_2, rating_3) 
                        VALUES (66, 96, 2, 2, 3, 2);
INSERT INTO Cook_Episode_Contestants (episode_id, cook_id, recipe_id, rating_1, rating_2, rating_3) 
                        VALUES (66, 18, 44, 3, 4, 2);
INSERT INTO Cook_Episode_Contestants (episode_id, cook_id, recipe_id, rating_1, rating_2, rating_3) 
                        VALUES (66, 44, 71, 1, 1, 3);
INSERT INTO Nationality_Episode (nationality_id, episode_id) VALUES (56, 66);
INSERT INTO Nationality_Episode (nationality_id, episode_id) VALUES (77, 66);
INSERT INTO Nationality_Episode (nationality_id, episode_id) VALUES (75, 66);
INSERT INTO Nationality_Episode (nationality_id, episode_id) VALUES (79, 66);
INSERT INTO Nationality_Episode (nationality_id, episode_id) VALUES (147, 66);
INSERT INTO Nationality_Episode (nationality_id, episode_id) VALUES (160, 66);
INSERT INTO Nationality_Episode (nationality_id, episode_id) VALUES (99, 66);
INSERT INTO Nationality_Episode (nationality_id, episode_id) VALUES (61, 66);
INSERT INTO Nationality_Episode (nationality_id, episode_id) VALUES (103, 66);
INSERT INTO Nationality_Episode (nationality_id, episode_id) VALUES (153, 66);
INSERT INTO Cook_Episode_Judge (episode_id, cook_id, judge_number) VALUES (66, 97, 1);
INSERT INTO Cook_Episode_Judge (episode_id, cook_id, judge_number) VALUES (66, 21, 2);
INSERT INTO Cook_Episode_Judge (episode_id, cook_id, judge_number) VALUES (66, 55, 3);
INSERT INTO Image (image_url, description) VALUES ('/data_generation/episode_data_generation/images/season_7_episode_7.png', 'This is an image for Episode 7 Season 7');


INSERT INTO Episode (episode_id, season, name, image_id, winner) 
                        VALUES (67, 7, 7, 1280, 4);

INSERT INTO Cook_Episode_Contestants (episode_id, cook_id, recipe_id, rating_1, rating_2, rating_3) 
                        VALUES (67, 18, 52, 5, 1, 1);
INSERT INTO Cook_Episode_Contestants (episode_id, cook_id, recipe_id, rating_1, rating_2, rating_3) 
                        VALUES (67, 4, 62, 3, 4, 4);
INSERT INTO Cook_Episode_Contestants (episode_id, cook_id, recipe_id, rating_1, rating_2, rating_3) 
                        VALUES (67, 98, 97, 3, 5, 1);
INSERT INTO Cook_Episode_Contestants (episode_id, cook_id, recipe_id, rating_1, rating_2, rating_3) 
                        VALUES (67, 12, 94, 1, 1, 3);
INSERT INTO Cook_Episode_Contestants (episode_id, cook_id, recipe_id, rating_1, rating_2, rating_3) 
                        VALUES (67, 88, 1, 2, 1, 4);
INSERT INTO Cook_Episode_Contestants (episode_id, cook_id, recipe_id, rating_1, rating_2, rating_3) 
                        VALUES (67, 33, 7, 2, 2, 3);
INSERT INTO Cook_Episode_Contestants (episode_id, cook_id, recipe_id, rating_1, rating_2, rating_3) 
                        VALUES (67, 5, 47, 4, 3, 3);
INSERT INTO Cook_Episode_Contestants (episode_id, cook_id, recipe_id, rating_1, rating_2, rating_3) 
                        VALUES (67, 84, 95, 2, 4, 2);
INSERT INTO Cook_Episode_Contestants (episode_id, cook_id, recipe_id, rating_1, rating_2, rating_3) 
                        VALUES (67, 60, 43, 1, 2, 3);
INSERT INTO Cook_Episode_Contestants (episode_id, cook_id, recipe_id, rating_1, rating_2, rating_3) 
                        VALUES (67, 72, 66, 2, 1, 2);
INSERT INTO Nationality_Episode (nationality_id, episode_id) VALUES (56, 67);
INSERT INTO Nationality_Episode (nationality_id, episode_id) VALUES (61, 67);
INSERT INTO Nationality_Episode (nationality_id, episode_id) VALUES (125, 67);
INSERT INTO Nationality_Episode (nationality_id, episode_id) VALUES (177, 67);
INSERT INTO Nationality_Episode (nationality_id, episode_id) VALUES (75, 67);
INSERT INTO Nationality_Episode (nationality_id, episode_id) VALUES (147, 67);
INSERT INTO Nationality_Episode (nationality_id, episode_id) VALUES (79, 67);
INSERT INTO Nationality_Episode (nationality_id, episode_id) VALUES (99, 67);
INSERT INTO Nationality_Episode (nationality_id, episode_id) VALUES (77, 67);
INSERT INTO Nationality_Episode (nationality_id, episode_id) VALUES (119, 67);
INSERT INTO Cook_Episode_Judge (episode_id, cook_id, judge_number) VALUES (67, 85, 1);
INSERT INTO Cook_Episode_Judge (episode_id, cook_id, judge_number) VALUES (67, 55, 2);
INSERT INTO Cook_Episode_Judge (episode_id, cook_id, judge_number) VALUES (67, 69, 3);
INSERT INTO Image (image_url, description) VALUES ('/data_generation/episode_data_generation/images/season_7_episode_8.png', 'This is an image for Episode 8 Season 7');


INSERT INTO Episode (episode_id, season, name, image_id, winner) 
                        VALUES (68, 7, 8, 1281, 27);

INSERT INTO Cook_Episode_Contestants (episode_id, cook_id, recipe_id, rating_1, rating_2, rating_3) 
                        VALUES (68, 72, 44, 4, 3, 2);
INSERT INTO Cook_Episode_Contestants (episode_id, cook_id, recipe_id, rating_1, rating_2, rating_3) 
                        VALUES (68, 33, 40, 2, 1, 3);
INSERT INTO Cook_Episode_Contestants (episode_id, cook_id, recipe_id, rating_1, rating_2, rating_3) 
                        VALUES (68, 86, 57, 3, 5, 4);
INSERT INTO Cook_Episode_Contestants (episode_id, cook_id, recipe_id, rating_1, rating_2, rating_3) 
                        VALUES (68, 9, 8, 3, 3, 4);
INSERT INTO Cook_Episode_Contestants (episode_id, cook_id, recipe_id, rating_1, rating_2, rating_3) 
                        VALUES (68, 27, 1, 5, 5, 3);
INSERT INTO Cook_Episode_Contestants (episode_id, cook_id, recipe_id, rating_1, rating_2, rating_3) 
                        VALUES (68, 47, 6, 4, 2, 3);
INSERT INTO Cook_Episode_Contestants (episode_id, cook_id, recipe_id, rating_1, rating_2, rating_3) 
                        VALUES (68, 60, 63, 5, 3, 4);
INSERT INTO Cook_Episode_Contestants (episode_id, cook_id, recipe_id, rating_1, rating_2, rating_3) 
                        VALUES (68, 73, 26, 2, 5, 3);
INSERT INTO Cook_Episode_Contestants (episode_id, cook_id, recipe_id, rating_1, rating_2, rating_3) 
                        VALUES (68, 54, 71, 2, 5, 5);
INSERT INTO Cook_Episode_Contestants (episode_id, cook_id, recipe_id, rating_1, rating_2, rating_3) 
                        VALUES (68, 3, 98, 2, 4, 4);
INSERT INTO Nationality_Episode (nationality_id, episode_id) VALUES (103, 68);
INSERT INTO Nationality_Episode (nationality_id, episode_id) VALUES (177, 68);
INSERT INTO Nationality_Episode (nationality_id, episode_id) VALUES (77, 68);
INSERT INTO Nationality_Episode (nationality_id, episode_id) VALUES (147, 68);
INSERT INTO Nationality_Episode (nationality_id, episode_id) VALUES (75, 68);
INSERT INTO Nationality_Episode (nationality_id, episode_id) VALUES (110, 68);
INSERT INTO Nationality_Episode (nationality_id, episode_id) VALUES (34, 68);
INSERT INTO Nationality_Episode (nationality_id, episode_id) VALUES (160, 68);
INSERT INTO Nationality_Episode (nationality_id, episode_id) VALUES (153, 68);
INSERT INTO Nationality_Episode (nationality_id, episode_id) VALUES (19, 68);
INSERT INTO Cook_Episode_Judge (episode_id, cook_id, judge_number) VALUES (68, 8, 1);
INSERT INTO Cook_Episode_Judge (episode_id, cook_id, judge_number) VALUES (68, 23, 2);
INSERT INTO Cook_Episode_Judge (episode_id, cook_id, judge_number) VALUES (68, 43, 3);
INSERT INTO Image (image_url, description) VALUES ('/data_generation/episode_data_generation/images/season_7_episode_9.png', 'This is an image for Episode 9 Season 7');


INSERT INTO Episode (episode_id, season, name, image_id, winner) 
                        VALUES (69, 7, 9, 1282, 13);

INSERT INTO Cook_Episode_Contestants (episode_id, cook_id, recipe_id, rating_1, rating_2, rating_3) 
                        VALUES (69, 3, 98, 5, 1, 3);
INSERT INTO Cook_Episode_Contestants (episode_id, cook_id, recipe_id, rating_1, rating_2, rating_3) 
                        VALUES (69, 64, 44, 5, 5, 3);
INSERT INTO Cook_Episode_Contestants (episode_id, cook_id, recipe_id, rating_1, rating_2, rating_3) 
                        VALUES (69, 12, 63, 4, 3, 1);
INSERT INTO Cook_Episode_Contestants (episode_id, cook_id, recipe_id, rating_1, rating_2, rating_3) 
                        VALUES (69, 13, 71, 5, 5, 4);
INSERT INTO Cook_Episode_Contestants (episode_id, cook_id, recipe_id, rating_1, rating_2, rating_3) 
                        VALUES (69, 61, 13, 2, 5, 1);
INSERT INTO Cook_Episode_Contestants (episode_id, cook_id, recipe_id, rating_1, rating_2, rating_3) 
                        VALUES (69, 20, 65, 3, 4, 2);
INSERT INTO Cook_Episode_Contestants (episode_id, cook_id, recipe_id, rating_1, rating_2, rating_3) 
                        VALUES (69, 89, 46, 4, 4, 1);
INSERT INTO Cook_Episode_Contestants (episode_id, cook_id, recipe_id, rating_1, rating_2, rating_3) 
                        VALUES (69, 55, 97, 1, 1, 4);
INSERT INTO Cook_Episode_Contestants (episode_id, cook_id, recipe_id, rating_1, rating_2, rating_3) 
                        VALUES (69, 73, 18, 2, 2, 2);
INSERT INTO Cook_Episode_Contestants (episode_id, cook_id, recipe_id, rating_1, rating_2, rating_3) 
                        VALUES (69, 49, 66, 2, 1, 1);
INSERT INTO Nationality_Episode (nationality_id, episode_id) VALUES (19, 69);
INSERT INTO Nationality_Episode (nationality_id, episode_id) VALUES (103, 69);
INSERT INTO Nationality_Episode (nationality_id, episode_id) VALUES (34, 69);
INSERT INTO Nationality_Episode (nationality_id, episode_id) VALUES (153, 69);
INSERT INTO Nationality_Episode (nationality_id, episode_id) VALUES (177, 69);
INSERT INTO Nationality_Episode (nationality_id, episode_id) VALUES (79, 69);
INSERT INTO Nationality_Episode (nationality_id, episode_id) VALUES (154, 69);
INSERT INTO Nationality_Episode (nationality_id, episode_id) VALUES (125, 69);
INSERT INTO Nationality_Episode (nationality_id, episode_id) VALUES (178, 69);
INSERT INTO Nationality_Episode (nationality_id, episode_id) VALUES (119, 69);
INSERT INTO Cook_Episode_Judge (episode_id, cook_id, judge_number) VALUES (69, 90, 1);
INSERT INTO Cook_Episode_Judge (episode_id, cook_id, judge_number) VALUES (69, 45, 2);
INSERT INTO Cook_Episode_Judge (episode_id, cook_id, judge_number) VALUES (69, 83, 3);
INSERT INTO Image (image_url, description) VALUES ('/data_generation/episode_data_generation/images/season_7_episode_10.png', 'This is an image for Episode 10 Season 7');


INSERT INTO Episode (episode_id, season, name, image_id, winner) 
                        VALUES (70, 7, 10, 1283, 69);

INSERT INTO Cook_Episode_Contestants (episode_id, cook_id, recipe_id, rating_1, rating_2, rating_3) 
                        VALUES (70, 22, 29, 2, 2, 3);
INSERT INTO Cook_Episode_Contestants (episode_id, cook_id, recipe_id, rating_1, rating_2, rating_3) 
                        VALUES (70, 38, 1, 1, 3, 1);
INSERT INTO Cook_Episode_Contestants (episode_id, cook_id, recipe_id, rating_1, rating_2, rating_3) 
                        VALUES (70, 55, 46, 1, 2, 1);
INSERT INTO Cook_Episode_Contestants (episode_id, cook_id, recipe_id, rating_1, rating_2, rating_3) 
                        VALUES (70, 13, 97, 3, 4, 2);
INSERT INTO Cook_Episode_Contestants (episode_id, cook_id, recipe_id, rating_1, rating_2, rating_3) 
                        VALUES (70, 47, 2, 2, 2, 4);
INSERT INTO Cook_Episode_Contestants (episode_id, cook_id, recipe_id, rating_1, rating_2, rating_3) 
                        VALUES (70, 69, 53, 4, 4, 5);
INSERT INTO Cook_Episode_Contestants (episode_id, cook_id, recipe_id, rating_1, rating_2, rating_3) 
                        VALUES (70, 68, 26, 4, 4, 5);
INSERT INTO Cook_Episode_Contestants (episode_id, cook_id, recipe_id, rating_1, rating_2, rating_3) 
                        VALUES (70, 66, 44, 3, 2, 2);
INSERT INTO Cook_Episode_Contestants (episode_id, cook_id, recipe_id, rating_1, rating_2, rating_3) 
                        VALUES (70, 73, 35, 5, 1, 4);
INSERT INTO Cook_Episode_Contestants (episode_id, cook_id, recipe_id, rating_1, rating_2, rating_3) 
                        VALUES (70, 17, 71, 5, 3, 1);
INSERT INTO Nationality_Episode (nationality_id, episode_id) VALUES (146, 70);
INSERT INTO Nationality_Episode (nationality_id, episode_id) VALUES (75, 70);
INSERT INTO Nationality_Episode (nationality_id, episode_id) VALUES (154, 70);
INSERT INTO Nationality_Episode (nationality_id, episode_id) VALUES (125, 70);
INSERT INTO Nationality_Episode (nationality_id, episode_id) VALUES (61, 70);
INSERT INTO Nationality_Episode (nationality_id, episode_id) VALUES (77, 70);
INSERT INTO Nationality_Episode (nationality_id, episode_id) VALUES (160, 70);
INSERT INTO Nationality_Episode (nationality_id, episode_id) VALUES (103, 70);
INSERT INTO Nationality_Episode (nationality_id, episode_id) VALUES (119, 70);
INSERT INTO Nationality_Episode (nationality_id, episode_id) VALUES (153, 70);
INSERT INTO Cook_Episode_Judge (episode_id, cook_id, judge_number) VALUES (70, 64, 1);
INSERT INTO Cook_Episode_Judge (episode_id, cook_id, judge_number) VALUES (70, 6, 2);
INSERT INTO Cook_Episode_Judge (episode_id, cook_id, judge_number) VALUES (70, 39, 3);
INSERT INTO Image (image_url, description) VALUES ('/data_generation/episode_data_generation/images/season_8_episode_1.png', 'This is an image for Episode 1 Season 8');


INSERT INTO Episode (episode_id, season, name, image_id, winner) 
                        VALUES (71, 8, 1, 1284, 67);

INSERT INTO Cook_Episode_Contestants (episode_id, cook_id, recipe_id, rating_1, rating_2, rating_3) 
                        VALUES (71, 8, 47, 4, 2, 1);
INSERT INTO Cook_Episode_Contestants (episode_id, cook_id, recipe_id, rating_1, rating_2, rating_3) 
                        VALUES (71, 86, 96, 5, 1, 3);
INSERT INTO Cook_Episode_Contestants (episode_id, cook_id, recipe_id, rating_1, rating_2, rating_3) 
                        VALUES (71, 67, 95, 4, 5, 5);
INSERT INTO Cook_Episode_Contestants (episode_id, cook_id, recipe_id, rating_1, rating_2, rating_3) 
                        VALUES (71, 68, 93, 5, 4, 1);
INSERT INTO Cook_Episode_Contestants (episode_id, cook_id, recipe_id, rating_1, rating_2, rating_3) 
                        VALUES (71, 66, 66, 5, 4, 3);
INSERT INTO Cook_Episode_Contestants (episode_id, cook_id, recipe_id, rating_1, rating_2, rating_3) 
                        VALUES (71, 47, 6, 4, 5, 4);
INSERT INTO Cook_Episode_Contestants (episode_id, cook_id, recipe_id, rating_1, rating_2, rating_3) 
                        VALUES (71, 14, 69, 3, 5, 2);
INSERT INTO Cook_Episode_Contestants (episode_id, cook_id, recipe_id, rating_1, rating_2, rating_3) 
                        VALUES (71, 1, 2, 5, 4, 2);
INSERT INTO Cook_Episode_Contestants (episode_id, cook_id, recipe_id, rating_1, rating_2, rating_3) 
                        VALUES (71, 89, 63, 2, 1, 1);
INSERT INTO Cook_Episode_Contestants (episode_id, cook_id, recipe_id, rating_1, rating_2, rating_3) 
                        VALUES (71, 90, 4, 5, 2, 4);
INSERT INTO Nationality_Episode (nationality_id, episode_id) VALUES (79, 71);
INSERT INTO Nationality_Episode (nationality_id, episode_id) VALUES (160, 71);
INSERT INTO Nationality_Episode (nationality_id, episode_id) VALUES (99, 71);
INSERT INTO Nationality_Episode (nationality_id, episode_id) VALUES (177, 71);
INSERT INTO Nationality_Episode (nationality_id, episode_id) VALUES (119, 71);
INSERT INTO Nationality_Episode (nationality_id, episode_id) VALUES (110, 71);
INSERT INTO Nationality_Episode (nationality_id, episode_id) VALUES (56, 71);
INSERT INTO Nationality_Episode (nationality_id, episode_id) VALUES (61, 71);
INSERT INTO Nationality_Episode (nationality_id, episode_id) VALUES (34, 71);
INSERT INTO Nationality_Episode (nationality_id, episode_id) VALUES (71, 71);
INSERT INTO Cook_Episode_Judge (episode_id, cook_id, judge_number) VALUES (71, 70, 1);
INSERT INTO Cook_Episode_Judge (episode_id, cook_id, judge_number) VALUES (71, 23, 2);
INSERT INTO Cook_Episode_Judge (episode_id, cook_id, judge_number) VALUES (71, 37, 3);
INSERT INTO Image (image_url, description) VALUES ('/data_generation/episode_data_generation/images/season_8_episode_2.png', 'This is an image for Episode 2 Season 8');


INSERT INTO Episode (episode_id, season, name, image_id, winner) 
                        VALUES (72, 8, 2, 1285, 46);

INSERT INTO Cook_Episode_Contestants (episode_id, cook_id, recipe_id, rating_1, rating_2, rating_3) 
                        VALUES (72, 85, 11, 1, 5, 3);
INSERT INTO Cook_Episode_Contestants (episode_id, cook_id, recipe_id, rating_1, rating_2, rating_3) 
                        VALUES (72, 48, 63, 1, 4, 1);
INSERT INTO Cook_Episode_Contestants (episode_id, cook_id, recipe_id, rating_1, rating_2, rating_3) 
                        VALUES (72, 19, 46, 5, 1, 3);
INSERT INTO Cook_Episode_Contestants (episode_id, cook_id, recipe_id, rating_1, rating_2, rating_3) 
                        VALUES (72, 46, 62, 3, 5, 2);
INSERT INTO Cook_Episode_Contestants (episode_id, cook_id, recipe_id, rating_1, rating_2, rating_3) 
                        VALUES (72, 68, 26, 3, 3, 4);
INSERT INTO Cook_Episode_Contestants (episode_id, cook_id, recipe_id, rating_1, rating_2, rating_3) 
                        VALUES (72, 90, 98, 1, 3, 4);
INSERT INTO Cook_Episode_Contestants (episode_id, cook_id, recipe_id, rating_1, rating_2, rating_3) 
                        VALUES (72, 4, 71, 4, 2, 1);
INSERT INTO Cook_Episode_Contestants (episode_id, cook_id, recipe_id, rating_1, rating_2, rating_3) 
                        VALUES (72, 47, 6, 2, 3, 2);
INSERT INTO Cook_Episode_Contestants (episode_id, cook_id, recipe_id, rating_1, rating_2, rating_3) 
                        VALUES (72, 18, 44, 4, 3, 2);
INSERT INTO Cook_Episode_Contestants (episode_id, cook_id, recipe_id, rating_1, rating_2, rating_3) 
                        VALUES (72, 98, 97, 1, 1, 1);
INSERT INTO Nationality_Episode (nationality_id, episode_id) VALUES (178, 72);
INSERT INTO Nationality_Episode (nationality_id, episode_id) VALUES (34, 72);
INSERT INTO Nationality_Episode (nationality_id, episode_id) VALUES (154, 72);
INSERT INTO Nationality_Episode (nationality_id, episode_id) VALUES (61, 72);
INSERT INTO Nationality_Episode (nationality_id, episode_id) VALUES (160, 72);
INSERT INTO Nationality_Episode (nationality_id, episode_id) VALUES (19, 72);
INSERT INTO Nationality_Episode (nationality_id, episode_id) VALUES (153, 72);
INSERT INTO Nationality_Episode (nationality_id, episode_id) VALUES (110, 72);
INSERT INTO Nationality_Episode (nationality_id, episode_id) VALUES (103, 72);
INSERT INTO Nationality_Episode (nationality_id, episode_id) VALUES (125, 72);
INSERT INTO Cook_Episode_Judge (episode_id, cook_id, judge_number) VALUES (72, 15, 1);
INSERT INTO Cook_Episode_Judge (episode_id, cook_id, judge_number) VALUES (72, 20, 2);
INSERT INTO Cook_Episode_Judge (episode_id, cook_id, judge_number) VALUES (72, 78, 3);
INSERT INTO Image (image_url, description) VALUES ('/data_generation/episode_data_generation/images/season_8_episode_3.png', 'This is an image for Episode 3 Season 8');


INSERT INTO Episode (episode_id, season, name, image_id, winner) 
                        VALUES (73, 8, 3, 1286, 49);

INSERT INTO Cook_Episode_Contestants (episode_id, cook_id, recipe_id, rating_1, rating_2, rating_3) 
                        VALUES (73, 25, 35, 3, 3, 4);
INSERT INTO Cook_Episode_Contestants (episode_id, cook_id, recipe_id, rating_1, rating_2, rating_3) 
                        VALUES (73, 83, 95, 3, 5, 1);
INSERT INTO Cook_Episode_Contestants (episode_id, cook_id, recipe_id, rating_1, rating_2, rating_3) 
                        VALUES (73, 44, 71, 3, 4, 2);
INSERT INTO Cook_Episode_Contestants (episode_id, cook_id, recipe_id, rating_1, rating_2, rating_3) 
                        VALUES (73, 98, 17, 1, 3, 3);
INSERT INTO Cook_Episode_Contestants (episode_id, cook_id, recipe_id, rating_1, rating_2, rating_3) 
                        VALUES (73, 38, 97, 1, 1, 2);
INSERT INTO Cook_Episode_Contestants (episode_id, cook_id, recipe_id, rating_1, rating_2, rating_3) 
                        VALUES (73, 9, 10, 5, 4, 2);
INSERT INTO Cook_Episode_Contestants (episode_id, cook_id, recipe_id, rating_1, rating_2, rating_3) 
                        VALUES (73, 49, 63, 5, 3, 5);
INSERT INTO Cook_Episode_Contestants (episode_id, cook_id, recipe_id, rating_1, rating_2, rating_3) 
                        VALUES (73, 42, 90, 4, 4, 5);
INSERT INTO Cook_Episode_Contestants (episode_id, cook_id, recipe_id, rating_1, rating_2, rating_3) 
                        VALUES (73, 26, 7, 2, 1, 3);
INSERT INTO Cook_Episode_Contestants (episode_id, cook_id, recipe_id, rating_1, rating_2, rating_3) 
                        VALUES (73, 14, 16, 2, 2, 2);
INSERT INTO Nationality_Episode (nationality_id, episode_id) VALUES (119, 73);
INSERT INTO Nationality_Episode (nationality_id, episode_id) VALUES (99, 73);
INSERT INTO Nationality_Episode (nationality_id, episode_id) VALUES (153, 73);
INSERT INTO Nationality_Episode (nationality_id, episode_id) VALUES (178, 73);
INSERT INTO Nationality_Episode (nationality_id, episode_id) VALUES (125, 73);
INSERT INTO Nationality_Episode (nationality_id, episode_id) VALUES (177, 73);
INSERT INTO Nationality_Episode (nationality_id, episode_id) VALUES (34, 73);
INSERT INTO Nationality_Episode (nationality_id, episode_id) VALUES (71, 73);
INSERT INTO Nationality_Episode (nationality_id, episode_id) VALUES (147, 73);
INSERT INTO Nationality_Episode (nationality_id, episode_id) VALUES (77, 73);
INSERT INTO Cook_Episode_Judge (episode_id, cook_id, judge_number) VALUES (73, 97, 1);
INSERT INTO Cook_Episode_Judge (episode_id, cook_id, judge_number) VALUES (73, 18, 2);
INSERT INTO Cook_Episode_Judge (episode_id, cook_id, judge_number) VALUES (73, 79, 3);
INSERT INTO Image (image_url, description) VALUES ('/data_generation/episode_data_generation/images/season_8_episode_4.png', 'This is an image for Episode 4 Season 8');


INSERT INTO Episode (episode_id, season, name, image_id, winner) 
                        VALUES (74, 8, 4, 1287, 14);

INSERT INTO Cook_Episode_Contestants (episode_id, cook_id, recipe_id, rating_1, rating_2, rating_3) 
                        VALUES (74, 15, 44, 1, 1, 3);
INSERT INTO Cook_Episode_Contestants (episode_id, cook_id, recipe_id, rating_1, rating_2, rating_3) 
                        VALUES (74, 5, 26, 1, 5, 4);
INSERT INTO Cook_Episode_Contestants (episode_id, cook_id, recipe_id, rating_1, rating_2, rating_3) 
                        VALUES (74, 99, 78, 4, 1, 2);
INSERT INTO Cook_Episode_Contestants (episode_id, cook_id, recipe_id, rating_1, rating_2, rating_3) 
                        VALUES (74, 29, 100, 3, 2, 2);
INSERT INTO Cook_Episode_Contestants (episode_id, cook_id, recipe_id, rating_1, rating_2, rating_3) 
                        VALUES (74, 86, 97, 2, 3, 1);
INSERT INTO Cook_Episode_Contestants (episode_id, cook_id, recipe_id, rating_1, rating_2, rating_3) 
                        VALUES (74, 33, 98, 1, 3, 4);
INSERT INTO Cook_Episode_Contestants (episode_id, cook_id, recipe_id, rating_1, rating_2, rating_3) 
                        VALUES (74, 12, 18, 5, 2, 4);
INSERT INTO Cook_Episode_Contestants (episode_id, cook_id, recipe_id, rating_1, rating_2, rating_3) 
                        VALUES (74, 4, 29, 1, 5, 5);
INSERT INTO Cook_Episode_Contestants (episode_id, cook_id, recipe_id, rating_1, rating_2, rating_3) 
                        VALUES (74, 24, 62, 1, 1, 1);
INSERT INTO Cook_Episode_Contestants (episode_id, cook_id, recipe_id, rating_1, rating_2, rating_3) 
                        VALUES (74, 14, 74, 4, 5, 4);
INSERT INTO Nationality_Episode (nationality_id, episode_id) VALUES (103, 74);
INSERT INTO Nationality_Episode (nationality_id, episode_id) VALUES (160, 74);
INSERT INTO Nationality_Episode (nationality_id, episode_id) VALUES (147, 74);
INSERT INTO Nationality_Episode (nationality_id, episode_id) VALUES (177, 74);
INSERT INTO Nationality_Episode (nationality_id, episode_id) VALUES (125, 74);
INSERT INTO Nationality_Episode (nationality_id, episode_id) VALUES (19, 74);
INSERT INTO Nationality_Episode (nationality_id, episode_id) VALUES (178, 74);
INSERT INTO Nationality_Episode (nationality_id, episode_id) VALUES (146, 74);
INSERT INTO Nationality_Episode (nationality_id, episode_id) VALUES (61, 74);
INSERT INTO Nationality_Episode (nationality_id, episode_id) VALUES (56, 74);
INSERT INTO Cook_Episode_Judge (episode_id, cook_id, judge_number) VALUES (74, 70, 1);
INSERT INTO Cook_Episode_Judge (episode_id, cook_id, judge_number) VALUES (74, 67, 2);
INSERT INTO Cook_Episode_Judge (episode_id, cook_id, judge_number) VALUES (74, 38, 3);
INSERT INTO Image (image_url, description) VALUES ('/data_generation/episode_data_generation/images/season_8_episode_5.png', 'This is an image for Episode 5 Season 8');


INSERT INTO Episode (episode_id, season, name, image_id, winner) 
                        VALUES (75, 8, 5, 1288, 22);

INSERT INTO Cook_Episode_Contestants (episode_id, cook_id, recipe_id, rating_1, rating_2, rating_3) 
                        VALUES (75, 3, 52, 2, 2, 3);
INSERT INTO Cook_Episode_Contestants (episode_id, cook_id, recipe_id, rating_1, rating_2, rating_3) 
                        VALUES (75, 17, 71, 4, 4, 5);
INSERT INTO Cook_Episode_Contestants (episode_id, cook_id, recipe_id, rating_1, rating_2, rating_3) 
                        VALUES (75, 71, 66, 3, 1, 2);
INSERT INTO Cook_Episode_Contestants (episode_id, cook_id, recipe_id, rating_1, rating_2, rating_3) 
                        VALUES (75, 22, 63, 5, 5, 5);
INSERT INTO Cook_Episode_Contestants (episode_id, cook_id, recipe_id, rating_1, rating_2, rating_3) 
                        VALUES (75, 76, 46, 3, 4, 3);
INSERT INTO Cook_Episode_Contestants (episode_id, cook_id, recipe_id, rating_1, rating_2, rating_3) 
                        VALUES (75, 90, 98, 5, 4, 5);
INSERT INTO Cook_Episode_Contestants (episode_id, cook_id, recipe_id, rating_1, rating_2, rating_3) 
                        VALUES (75, 79, 99, 3, 3, 4);
INSERT INTO Cook_Episode_Contestants (episode_id, cook_id, recipe_id, rating_1, rating_2, rating_3) 
                        VALUES (75, 21, 21, 4, 3, 5);
INSERT INTO Cook_Episode_Contestants (episode_id, cook_id, recipe_id, rating_1, rating_2, rating_3) 
                        VALUES (75, 47, 6, 3, 5, 4);
INSERT INTO Cook_Episode_Contestants (episode_id, cook_id, recipe_id, rating_1, rating_2, rating_3) 
                        VALUES (75, 59, 4, 2, 2, 4);
INSERT INTO Nationality_Episode (nationality_id, episode_id) VALUES (56, 75);
INSERT INTO Nationality_Episode (nationality_id, episode_id) VALUES (153, 75);
INSERT INTO Nationality_Episode (nationality_id, episode_id) VALUES (119, 75);
INSERT INTO Nationality_Episode (nationality_id, episode_id) VALUES (34, 75);
INSERT INTO Nationality_Episode (nationality_id, episode_id) VALUES (154, 75);
INSERT INTO Nationality_Episode (nationality_id, episode_id) VALUES (19, 75);
INSERT INTO Nationality_Episode (nationality_id, episode_id) VALUES (147, 75);
INSERT INTO Nationality_Episode (nationality_id, episode_id) VALUES (177, 75);
INSERT INTO Nationality_Episode (nationality_id, episode_id) VALUES (110, 75);
INSERT INTO Nationality_Episode (nationality_id, episode_id) VALUES (71, 75);
INSERT INTO Cook_Episode_Judge (episode_id, cook_id, judge_number) VALUES (75, 25, 1);
INSERT INTO Cook_Episode_Judge (episode_id, cook_id, judge_number) VALUES (75, 69, 2);
INSERT INTO Cook_Episode_Judge (episode_id, cook_id, judge_number) VALUES (75, 57, 3);
INSERT INTO Image (image_url, description) VALUES ('/data_generation/episode_data_generation/images/season_8_episode_6.png', 'This is an image for Episode 6 Season 8');


INSERT INTO Episode (episode_id, season, name, image_id, winner) 
                        VALUES (76, 8, 6, 1289, 1);

INSERT INTO Cook_Episode_Contestants (episode_id, cook_id, recipe_id, rating_1, rating_2, rating_3) 
                        VALUES (76, 54, 71, 1, 5, 5);
INSERT INTO Cook_Episode_Contestants (episode_id, cook_id, recipe_id, rating_1, rating_2, rating_3) 
                        VALUES (76, 3, 28, 1, 3, 2);
INSERT INTO Cook_Episode_Contestants (episode_id, cook_id, recipe_id, rating_1, rating_2, rating_3) 
                        VALUES (76, 92, 1, 5, 5, 2);
INSERT INTO Cook_Episode_Contestants (episode_id, cook_id, recipe_id, rating_1, rating_2, rating_3) 
                        VALUES (76, 47, 6, 2, 1, 4);
INSERT INTO Cook_Episode_Contestants (episode_id, cook_id, recipe_id, rating_1, rating_2, rating_3) 
                        VALUES (76, 79, 63, 1, 2, 2);
INSERT INTO Cook_Episode_Contestants (episode_id, cook_id, recipe_id, rating_1, rating_2, rating_3) 
                        VALUES (76, 67, 95, 5, 2, 5);
INSERT INTO Cook_Episode_Contestants (episode_id, cook_id, recipe_id, rating_1, rating_2, rating_3) 
                        VALUES (76, 1, 98, 5, 4, 4);
INSERT INTO Cook_Episode_Contestants (episode_id, cook_id, recipe_id, rating_1, rating_2, rating_3) 
                        VALUES (76, 10, 46, 1, 1, 2);
INSERT INTO Cook_Episode_Contestants (episode_id, cook_id, recipe_id, rating_1, rating_2, rating_3) 
                        VALUES (76, 68, 26, 1, 3, 3);
INSERT INTO Cook_Episode_Contestants (episode_id, cook_id, recipe_id, rating_1, rating_2, rating_3) 
                        VALUES (76, 43, 69, 3, 3, 5);
INSERT INTO Nationality_Episode (nationality_id, episode_id) VALUES (153, 76);
INSERT INTO Nationality_Episode (nationality_id, episode_id) VALUES (71, 76);
INSERT INTO Nationality_Episode (nationality_id, episode_id) VALUES (75, 76);
INSERT INTO Nationality_Episode (nationality_id, episode_id) VALUES (110, 76);
INSERT INTO Nationality_Episode (nationality_id, episode_id) VALUES (34, 76);
INSERT INTO Nationality_Episode (nationality_id, episode_id) VALUES (99, 76);
INSERT INTO Nationality_Episode (nationality_id, episode_id) VALUES (19, 76);
INSERT INTO Nationality_Episode (nationality_id, episode_id) VALUES (154, 76);
INSERT INTO Nationality_Episode (nationality_id, episode_id) VALUES (160, 76);
INSERT INTO Nationality_Episode (nationality_id, episode_id) VALUES (56, 76);
INSERT INTO Cook_Episode_Judge (episode_id, cook_id, judge_number) VALUES (76, 85, 1);
INSERT INTO Cook_Episode_Judge (episode_id, cook_id, judge_number) VALUES (76, 39, 2);
INSERT INTO Cook_Episode_Judge (episode_id, cook_id, judge_number) VALUES (76, 71, 3);
INSERT INTO Image (image_url, description) VALUES ('/data_generation/episode_data_generation/images/season_8_episode_7.png', 'This is an image for Episode 7 Season 8');


INSERT INTO Episode (episode_id, season, name, image_id, winner) 
                        VALUES (77, 8, 7, 1290, 67);

INSERT INTO Cook_Episode_Contestants (episode_id, cook_id, recipe_id, rating_1, rating_2, rating_3) 
                        VALUES (77, 61, 73, 2, 5, 2);
INSERT INTO Cook_Episode_Contestants (episode_id, cook_id, recipe_id, rating_1, rating_2, rating_3) 
                        VALUES (77, 47, 23, 3, 2, 5);
INSERT INTO Cook_Episode_Contestants (episode_id, cook_id, recipe_id, rating_1, rating_2, rating_3) 
                        VALUES (77, 37, 44, 3, 2, 5);
INSERT INTO Cook_Episode_Contestants (episode_id, cook_id, recipe_id, rating_1, rating_2, rating_3) 
                        VALUES (77, 91, 27, 1, 4, 3);
INSERT INTO Cook_Episode_Contestants (episode_id, cook_id, recipe_id, rating_1, rating_2, rating_3) 
                        VALUES (77, 72, 26, 3, 5, 3);
INSERT INTO Cook_Episode_Contestants (episode_id, cook_id, recipe_id, rating_1, rating_2, rating_3) 
                        VALUES (77, 45, 49, 1, 2, 5);
INSERT INTO Cook_Episode_Contestants (episode_id, cook_id, recipe_id, rating_1, rating_2, rating_3) 
                        VALUES (77, 21, 88, 4, 4, 2);
INSERT INTO Cook_Episode_Contestants (episode_id, cook_id, recipe_id, rating_1, rating_2, rating_3) 
                        VALUES (77, 73, 1, 5, 1, 1);
INSERT INTO Cook_Episode_Contestants (episode_id, cook_id, recipe_id, rating_1, rating_2, rating_3) 
                        VALUES (77, 28, 62, 4, 1, 4);
INSERT INTO Cook_Episode_Contestants (episode_id, cook_id, recipe_id, rating_1, rating_2, rating_3) 
                        VALUES (77, 67, 95, 3, 3, 5);
INSERT INTO Nationality_Episode (nationality_id, episode_id) VALUES (177, 77);
INSERT INTO Nationality_Episode (nationality_id, episode_id) VALUES (77, 77);
INSERT INTO Nationality_Episode (nationality_id, episode_id) VALUES (103, 77);
INSERT INTO Nationality_Episode (nationality_id, episode_id) VALUES (79, 77);
INSERT INTO Nationality_Episode (nationality_id, episode_id) VALUES (160, 77);
INSERT INTO Nationality_Episode (nationality_id, episode_id) VALUES (146, 77);
INSERT INTO Nationality_Episode (nationality_id, episode_id) VALUES (178, 77);
INSERT INTO Nationality_Episode (nationality_id, episode_id) VALUES (75, 77);
INSERT INTO Nationality_Episode (nationality_id, episode_id) VALUES (61, 77);
INSERT INTO Nationality_Episode (nationality_id, episode_id) VALUES (99, 77);
INSERT INTO Cook_Episode_Judge (episode_id, cook_id, judge_number) VALUES (77, 54, 1);
INSERT INTO Cook_Episode_Judge (episode_id, cook_id, judge_number) VALUES (77, 97, 2);
INSERT INTO Cook_Episode_Judge (episode_id, cook_id, judge_number) VALUES (77, 30, 3);
INSERT INTO Image (image_url, description) VALUES ('/data_generation/episode_data_generation/images/season_8_episode_8.png', 'This is an image for Episode 8 Season 8');


INSERT INTO Episode (episode_id, season, name, image_id, winner) 
                        VALUES (78, 8, 8, 1291, 4);

INSERT INTO Cook_Episode_Contestants (episode_id, cook_id, recipe_id, rating_1, rating_2, rating_3) 
                        VALUES (78, 55, 46, 1, 4, 2);
INSERT INTO Cook_Episode_Contestants (episode_id, cook_id, recipe_id, rating_1, rating_2, rating_3) 
                        VALUES (78, 3, 98, 3, 4, 1);
INSERT INTO Cook_Episode_Contestants (episode_id, cook_id, recipe_id, rating_1, rating_2, rating_3) 
                        VALUES (78, 97, 65, 1, 4, 4);
INSERT INTO Cook_Episode_Contestants (episode_id, cook_id, recipe_id, rating_1, rating_2, rating_3) 
                        VALUES (78, 24, 13, 4, 3, 2);
INSERT INTO Cook_Episode_Contestants (episode_id, cook_id, recipe_id, rating_1, rating_2, rating_3) 
                        VALUES (78, 40, 55, 5, 1, 2);
INSERT INTO Cook_Episode_Contestants (episode_id, cook_id, recipe_id, rating_1, rating_2, rating_3) 
                        VALUES (78, 4, 1, 5, 5, 2);
INSERT INTO Cook_Episode_Contestants (episode_id, cook_id, recipe_id, rating_1, rating_2, rating_3) 
                        VALUES (78, 43, 2, 4, 3, 4);
INSERT INTO Cook_Episode_Contestants (episode_id, cook_id, recipe_id, rating_1, rating_2, rating_3) 
                        VALUES (78, 26, 78, 3, 3, 5);
INSERT INTO Cook_Episode_Contestants (episode_id, cook_id, recipe_id, rating_1, rating_2, rating_3) 
                        VALUES (78, 48, 63, 4, 2, 5);
INSERT INTO Cook_Episode_Contestants (episode_id, cook_id, recipe_id, rating_1, rating_2, rating_3) 
                        VALUES (78, 13, 26, 2, 2, 3);
INSERT INTO Nationality_Episode (nationality_id, episode_id) VALUES (154, 78);
INSERT INTO Nationality_Episode (nationality_id, episode_id) VALUES (19, 78);
INSERT INTO Nationality_Episode (nationality_id, episode_id) VALUES (79, 78);
INSERT INTO Nationality_Episode (nationality_id, episode_id) VALUES (177, 78);
INSERT INTO Nationality_Episode (nationality_id, episode_id) VALUES (77, 78);
INSERT INTO Nationality_Episode (nationality_id, episode_id) VALUES (75, 78);
INSERT INTO Nationality_Episode (nationality_id, episode_id) VALUES (61, 78);
INSERT INTO Nationality_Episode (nationality_id, episode_id) VALUES (147, 78);
INSERT INTO Nationality_Episode (nationality_id, episode_id) VALUES (34, 78);
INSERT INTO Nationality_Episode (nationality_id, episode_id) VALUES (160, 78);
INSERT INTO Cook_Episode_Judge (episode_id, cook_id, judge_number) VALUES (78, 34, 1);
INSERT INTO Cook_Episode_Judge (episode_id, cook_id, judge_number) VALUES (78, 31, 2);
INSERT INTO Cook_Episode_Judge (episode_id, cook_id, judge_number) VALUES (78, 86, 3);
INSERT INTO Image (image_url, description) VALUES ('/data_generation/episode_data_generation/images/season_8_episode_9.png', 'This is an image for Episode 9 Season 8');


INSERT INTO Episode (episode_id, season, name, image_id, winner) 
                        VALUES (79, 8, 9, 1292, 57);

INSERT INTO Cook_Episode_Contestants (episode_id, cook_id, recipe_id, rating_1, rating_2, rating_3) 
                        VALUES (79, 57, 46, 4, 5, 5);
INSERT INTO Cook_Episode_Contestants (episode_id, cook_id, recipe_id, rating_1, rating_2, rating_3) 
                        VALUES (79, 46, 23, 5, 2, 4);
INSERT INTO Cook_Episode_Contestants (episode_id, cook_id, recipe_id, rating_1, rating_2, rating_3) 
                        VALUES (79, 90, 44, 1, 4, 4);
INSERT INTO Cook_Episode_Contestants (episode_id, cook_id, recipe_id, rating_1, rating_2, rating_3) 
                        VALUES (79, 19, 4, 3, 2, 2);
INSERT INTO Cook_Episode_Contestants (episode_id, cook_id, recipe_id, rating_1, rating_2, rating_3) 
                        VALUES (79, 3, 32, 3, 5, 4);
INSERT INTO Cook_Episode_Contestants (episode_id, cook_id, recipe_id, rating_1, rating_2, rating_3) 
                        VALUES (79, 44, 25, 1, 2, 3);
INSERT INTO Cook_Episode_Contestants (episode_id, cook_id, recipe_id, rating_1, rating_2, rating_3) 
                        VALUES (79, 17, 71, 2, 3, 2);
INSERT INTO Cook_Episode_Contestants (episode_id, cook_id, recipe_id, rating_1, rating_2, rating_3) 
                        VALUES (79, 29, 63, 2, 3, 2);
INSERT INTO Cook_Episode_Contestants (episode_id, cook_id, recipe_id, rating_1, rating_2, rating_3) 
                        VALUES (79, 55, 2, 4, 2, 5);
INSERT INTO Cook_Episode_Contestants (episode_id, cook_id, recipe_id, rating_1, rating_2, rating_3) 
                        VALUES (79, 97, 49, 1, 5, 1);
INSERT INTO Nationality_Episode (nationality_id, episode_id) VALUES (154, 79);
INSERT INTO Nationality_Episode (nationality_id, episode_id) VALUES (77, 79);
INSERT INTO Nationality_Episode (nationality_id, episode_id) VALUES (103, 79);
INSERT INTO Nationality_Episode (nationality_id, episode_id) VALUES (71, 79);
INSERT INTO Nationality_Episode (nationality_id, episode_id) VALUES (56, 79);
INSERT INTO Nationality_Episode (nationality_id, episode_id) VALUES (178, 79);
INSERT INTO Nationality_Episode (nationality_id, episode_id) VALUES (153, 79);
INSERT INTO Nationality_Episode (nationality_id, episode_id) VALUES (34, 79);
INSERT INTO Nationality_Episode (nationality_id, episode_id) VALUES (61, 79);
INSERT INTO Nationality_Episode (nationality_id, episode_id) VALUES (146, 79);
INSERT INTO Cook_Episode_Judge (episode_id, cook_id, judge_number) VALUES (79, 99, 1);
INSERT INTO Cook_Episode_Judge (episode_id, cook_id, judge_number) VALUES (79, 15, 2);
INSERT INTO Cook_Episode_Judge (episode_id, cook_id, judge_number) VALUES (79, 64, 3);
INSERT INTO Image (image_url, description) VALUES ('/data_generation/episode_data_generation/images/season_8_episode_10.png', 'This is an image for Episode 10 Season 8');


INSERT INTO Episode (episode_id, season, name, image_id, winner) 
                        VALUES (80, 8, 10, 1293, 47);

INSERT INTO Cook_Episode_Contestants (episode_id, cook_id, recipe_id, rating_1, rating_2, rating_3) 
                        VALUES (80, 47, 6, 4, 5, 5);
INSERT INTO Cook_Episode_Contestants (episode_id, cook_id, recipe_id, rating_1, rating_2, rating_3) 
                        VALUES (80, 71, 35, 3, 4, 5);
INSERT INTO Cook_Episode_Contestants (episode_id, cook_id, recipe_id, rating_1, rating_2, rating_3) 
                        VALUES (80, 5, 28, 2, 3, 4);
INSERT INTO Cook_Episode_Contestants (episode_id, cook_id, recipe_id, rating_1, rating_2, rating_3) 
                        VALUES (80, 50, 46, 3, 2, 3);
INSERT INTO Cook_Episode_Contestants (episode_id, cook_id, recipe_id, rating_1, rating_2, rating_3) 
                        VALUES (80, 11, 29, 1, 2, 3);
INSERT INTO Cook_Episode_Contestants (episode_id, cook_id, recipe_id, rating_1, rating_2, rating_3) 
                        VALUES (80, 67, 95, 5, 1, 2);
INSERT INTO Cook_Episode_Contestants (episode_id, cook_id, recipe_id, rating_1, rating_2, rating_3) 
                        VALUES (80, 26, 78, 5, 1, 5);
INSERT INTO Cook_Episode_Contestants (episode_id, cook_id, recipe_id, rating_1, rating_2, rating_3) 
                        VALUES (80, 24, 1, 1, 5, 1);
INSERT INTO Cook_Episode_Contestants (episode_id, cook_id, recipe_id, rating_1, rating_2, rating_3) 
                        VALUES (80, 98, 27, 5, 3, 2);
INSERT INTO Cook_Episode_Contestants (episode_id, cook_id, recipe_id, rating_1, rating_2, rating_3) 
                        VALUES (80, 31, 63, 2, 1, 5);
INSERT INTO Nationality_Episode (nationality_id, episode_id) VALUES (110, 80);
INSERT INTO Nationality_Episode (nationality_id, episode_id) VALUES (119, 80);
INSERT INTO Nationality_Episode (nationality_id, episode_id) VALUES (71, 80);
INSERT INTO Nationality_Episode (nationality_id, episode_id) VALUES (154, 80);
INSERT INTO Nationality_Episode (nationality_id, episode_id) VALUES (146, 80);
INSERT INTO Nationality_Episode (nationality_id, episode_id) VALUES (99, 80);
INSERT INTO Nationality_Episode (nationality_id, episode_id) VALUES (147, 80);
INSERT INTO Nationality_Episode (nationality_id, episode_id) VALUES (75, 80);
INSERT INTO Nationality_Episode (nationality_id, episode_id) VALUES (79, 80);
INSERT INTO Nationality_Episode (nationality_id, episode_id) VALUES (34, 80);
INSERT INTO Cook_Episode_Judge (episode_id, cook_id, judge_number) VALUES (80, 15, 1);
INSERT INTO Cook_Episode_Judge (episode_id, cook_id, judge_number) VALUES (80, 78, 2);
INSERT INTO Cook_Episode_Judge (episode_id, cook_id, judge_number) VALUES (80, 90, 3);
INSERT INTO Image (image_url, description) VALUES ('/data_generation/episode_data_generation/images/season_9_episode_1.png', 'This is an image for Episode 1 Season 9');


INSERT INTO Episode (episode_id, season, name, image_id, winner) 
                        VALUES (81, 9, 1, 1294, 96);

INSERT INTO Cook_Episode_Contestants (episode_id, cook_id, recipe_id, rating_1, rating_2, rating_3) 
                        VALUES (81, 4, 49, 2, 2, 5);
INSERT INTO Cook_Episode_Contestants (episode_id, cook_id, recipe_id, rating_1, rating_2, rating_3) 
                        VALUES (81, 73, 23, 4, 4, 2);
INSERT INTO Cook_Episode_Contestants (episode_id, cook_id, recipe_id, rating_1, rating_2, rating_3) 
                        VALUES (81, 2, 44, 1, 5, 3);
INSERT INTO Cook_Episode_Contestants (episode_id, cook_id, recipe_id, rating_1, rating_2, rating_3) 
                        VALUES (81, 87, 50, 4, 2, 2);
INSERT INTO Cook_Episode_Contestants (episode_id, cook_id, recipe_id, rating_1, rating_2, rating_3) 
                        VALUES (81, 90, 98, 1, 2, 3);
INSERT INTO Cook_Episode_Contestants (episode_id, cook_id, recipe_id, rating_1, rating_2, rating_3) 
                        VALUES (81, 85, 73, 1, 3, 1);
INSERT INTO Cook_Episode_Contestants (episode_id, cook_id, recipe_id, rating_1, rating_2, rating_3) 
                        VALUES (81, 67, 95, 2, 2, 2);
INSERT INTO Cook_Episode_Contestants (episode_id, cook_id, recipe_id, rating_1, rating_2, rating_3) 
                        VALUES (81, 25, 89, 3, 3, 3);
INSERT INTO Cook_Episode_Contestants (episode_id, cook_id, recipe_id, rating_1, rating_2, rating_3) 
                        VALUES (81, 96, 62, 4, 5, 5);
INSERT INTO Cook_Episode_Contestants (episode_id, cook_id, recipe_id, rating_1, rating_2, rating_3) 
                        VALUES (81, 100, 26, 4, 1, 2);
INSERT INTO Nationality_Episode (nationality_id, episode_id) VALUES (146, 81);
INSERT INTO Nationality_Episode (nationality_id, episode_id) VALUES (77, 81);
INSERT INTO Nationality_Episode (nationality_id, episode_id) VALUES (103, 81);
INSERT INTO Nationality_Episode (nationality_id, episode_id) VALUES (178, 81);
INSERT INTO Nationality_Episode (nationality_id, episode_id) VALUES (19, 81);
INSERT INTO Nationality_Episode (nationality_id, episode_id) VALUES (177, 81);
INSERT INTO Nationality_Episode (nationality_id, episode_id) VALUES (99, 81);
INSERT INTO Nationality_Episode (nationality_id, episode_id) VALUES (71, 81);
INSERT INTO Nationality_Episode (nationality_id, episode_id) VALUES (61, 81);
INSERT INTO Nationality_Episode (nationality_id, episode_id) VALUES (160, 81);
INSERT INTO Cook_Episode_Judge (episode_id, cook_id, judge_number) VALUES (81, 12, 1);
INSERT INTO Cook_Episode_Judge (episode_id, cook_id, judge_number) VALUES (81, 14, 2);
INSERT INTO Cook_Episode_Judge (episode_id, cook_id, judge_number) VALUES (81, 63, 3);
INSERT INTO Image (image_url, description) VALUES ('/data_generation/episode_data_generation/images/season_9_episode_2.png', 'This is an image for Episode 2 Season 9');


INSERT INTO Episode (episode_id, season, name, image_id, winner) 
                        VALUES (82, 9, 2, 1295, 42);

INSERT INTO Cook_Episode_Contestants (episode_id, cook_id, recipe_id, rating_1, rating_2, rating_3) 
                        VALUES (82, 76, 2, 1, 3, 5);
INSERT INTO Cook_Episode_Contestants (episode_id, cook_id, recipe_id, rating_1, rating_2, rating_3) 
                        VALUES (82, 47, 6, 2, 4, 1);
INSERT INTO Cook_Episode_Contestants (episode_id, cook_id, recipe_id, rating_1, rating_2, rating_3) 
                        VALUES (82, 52, 71, 2, 1, 5);
INSERT INTO Cook_Episode_Contestants (episode_id, cook_id, recipe_id, rating_1, rating_2, rating_3) 
                        VALUES (82, 55, 47, 5, 4, 1);
INSERT INTO Cook_Episode_Contestants (episode_id, cook_id, recipe_id, rating_1, rating_2, rating_3) 
                        VALUES (82, 42, 46, 4, 5, 2);
INSERT INTO Cook_Episode_Contestants (episode_id, cook_id, recipe_id, rating_1, rating_2, rating_3) 
                        VALUES (82, 33, 78, 1, 2, 3);
INSERT INTO Cook_Episode_Contestants (episode_id, cook_id, recipe_id, rating_1, rating_2, rating_3) 
                        VALUES (82, 29, 30, 1, 2, 4);
INSERT INTO Cook_Episode_Contestants (episode_id, cook_id, recipe_id, rating_1, rating_2, rating_3) 
                        VALUES (82, 1, 98, 1, 1, 5);
INSERT INTO Cook_Episode_Contestants (episode_id, cook_id, recipe_id, rating_1, rating_2, rating_3) 
                        VALUES (82, 72, 53, 2, 4, 1);
INSERT INTO Cook_Episode_Contestants (episode_id, cook_id, recipe_id, rating_1, rating_2, rating_3) 
                        VALUES (82, 17, 48, 1, 1, 1);
INSERT INTO Nationality_Episode (nationality_id, episode_id) VALUES (61, 82);
INSERT INTO Nationality_Episode (nationality_id, episode_id) VALUES (110, 82);
INSERT INTO Nationality_Episode (nationality_id, episode_id) VALUES (153, 82);
INSERT INTO Nationality_Episode (nationality_id, episode_id) VALUES (79, 82);
INSERT INTO Nationality_Episode (nationality_id, episode_id) VALUES (154, 82);
INSERT INTO Nationality_Episode (nationality_id, episode_id) VALUES (147, 82);
INSERT INTO Nationality_Episode (nationality_id, episode_id) VALUES (177, 82);
INSERT INTO Nationality_Episode (nationality_id, episode_id) VALUES (19, 82);
INSERT INTO Nationality_Episode (nationality_id, episode_id) VALUES (77, 82);
INSERT INTO Nationality_Episode (nationality_id, episode_id) VALUES (178, 82);
INSERT INTO Cook_Episode_Judge (episode_id, cook_id, judge_number) VALUES (82, 89, 1);
INSERT INTO Cook_Episode_Judge (episode_id, cook_id, judge_number) VALUES (82, 48, 2);
INSERT INTO Cook_Episode_Judge (episode_id, cook_id, judge_number) VALUES (82, 87, 3);
INSERT INTO Image (image_url, description) VALUES ('/data_generation/episode_data_generation/images/season_9_episode_3.png', 'This is an image for Episode 3 Season 9');


INSERT INTO Episode (episode_id, season, name, image_id, winner) 
                        VALUES (83, 9, 3, 1296, 2);

INSERT INTO Cook_Episode_Contestants (episode_id, cook_id, recipe_id, rating_1, rating_2, rating_3) 
                        VALUES (83, 15, 44, 3, 2, 2);
INSERT INTO Cook_Episode_Contestants (episode_id, cook_id, recipe_id, rating_1, rating_2, rating_3) 
                        VALUES (83, 62, 49, 3, 2, 1);
INSERT INTO Cook_Episode_Contestants (episode_id, cook_id, recipe_id, rating_1, rating_2, rating_3) 
                        VALUES (83, 2, 1, 5, 4, 3);
INSERT INTO Cook_Episode_Contestants (episode_id, cook_id, recipe_id, rating_1, rating_2, rating_3) 
                        VALUES (83, 83, 35, 4, 1, 4);
INSERT INTO Cook_Episode_Contestants (episode_id, cook_id, recipe_id, rating_1, rating_2, rating_3) 
                        VALUES (83, 67, 95, 2, 3, 4);
INSERT INTO Cook_Episode_Contestants (episode_id, cook_id, recipe_id, rating_1, rating_2, rating_3) 
                        VALUES (83, 36, 64, 1, 3, 1);
INSERT INTO Cook_Episode_Contestants (episode_id, cook_id, recipe_id, rating_1, rating_2, rating_3) 
                        VALUES (83, 47, 6, 4, 4, 3);
INSERT INTO Cook_Episode_Contestants (episode_id, cook_id, recipe_id, rating_1, rating_2, rating_3) 
                        VALUES (83, 16, 22, 5, 3, 3);
INSERT INTO Cook_Episode_Contestants (episode_id, cook_id, recipe_id, rating_1, rating_2, rating_3) 
                        VALUES (83, 60, 43, 4, 2, 3);
INSERT INTO Cook_Episode_Contestants (episode_id, cook_id, recipe_id, rating_1, rating_2, rating_3) 
                        VALUES (83, 54, 26, 1, 2, 5);
INSERT INTO Nationality_Episode (nationality_id, episode_id) VALUES (103, 83);
INSERT INTO Nationality_Episode (nationality_id, episode_id) VALUES (146, 83);
INSERT INTO Nationality_Episode (nationality_id, episode_id) VALUES (75, 83);
INSERT INTO Nationality_Episode (nationality_id, episode_id) VALUES (119, 83);
INSERT INTO Nationality_Episode (nationality_id, episode_id) VALUES (99, 83);
INSERT INTO Nationality_Episode (nationality_id, episode_id) VALUES (71, 83);
INSERT INTO Nationality_Episode (nationality_id, episode_id) VALUES (110, 83);
INSERT INTO Nationality_Episode (nationality_id, episode_id) VALUES (56, 83);
INSERT INTO Nationality_Episode (nationality_id, episode_id) VALUES (77, 83);
INSERT INTO Nationality_Episode (nationality_id, episode_id) VALUES (160, 83);
INSERT INTO Cook_Episode_Judge (episode_id, cook_id, judge_number) VALUES (83, 26, 1);
INSERT INTO Cook_Episode_Judge (episode_id, cook_id, judge_number) VALUES (83, 76, 2);
INSERT INTO Cook_Episode_Judge (episode_id, cook_id, judge_number) VALUES (83, 14, 3);
INSERT INTO Image (image_url, description) VALUES ('/data_generation/episode_data_generation/images/season_9_episode_4.png', 'This is an image for Episode 4 Season 9');


INSERT INTO Episode (episode_id, season, name, image_id, winner) 
                        VALUES (84, 9, 4, 1297, 4);

INSERT INTO Cook_Episode_Contestants (episode_id, cook_id, recipe_id, rating_1, rating_2, rating_3) 
                        VALUES (84, 85, 17, 4, 5, 5);
INSERT INTO Cook_Episode_Contestants (episode_id, cook_id, recipe_id, rating_1, rating_2, rating_3) 
                        VALUES (84, 3, 27, 1, 4, 5);
INSERT INTO Cook_Episode_Contestants (episode_id, cook_id, recipe_id, rating_1, rating_2, rating_3) 
                        VALUES (84, 4, 71, 5, 5, 5);
INSERT INTO Cook_Episode_Contestants (episode_id, cook_id, recipe_id, rating_1, rating_2, rating_3) 
                        VALUES (84, 64, 1, 3, 1, 4);
INSERT INTO Cook_Episode_Contestants (episode_id, cook_id, recipe_id, rating_1, rating_2, rating_3) 
                        VALUES (84, 47, 6, 3, 1, 4);
INSERT INTO Cook_Episode_Contestants (episode_id, cook_id, recipe_id, rating_1, rating_2, rating_3) 
                        VALUES (84, 16, 69, 4, 2, 4);
INSERT INTO Cook_Episode_Contestants (episode_id, cook_id, recipe_id, rating_1, rating_2, rating_3) 
                        VALUES (84, 21, 21, 5, 1, 2);
INSERT INTO Cook_Episode_Contestants (episode_id, cook_id, recipe_id, rating_1, rating_2, rating_3) 
                        VALUES (84, 6, 66, 4, 1, 3);
INSERT INTO Cook_Episode_Contestants (episode_id, cook_id, recipe_id, rating_1, rating_2, rating_3) 
                        VALUES (84, 5, 49, 2, 1, 3);
INSERT INTO Cook_Episode_Contestants (episode_id, cook_id, recipe_id, rating_1, rating_2, rating_3) 
                        VALUES (84, 13, 97, 5, 4, 2);
INSERT INTO Nationality_Episode (nationality_id, episode_id) VALUES (178, 84);
INSERT INTO Nationality_Episode (nationality_id, episode_id) VALUES (79, 84);
INSERT INTO Nationality_Episode (nationality_id, episode_id) VALUES (153, 84);
INSERT INTO Nationality_Episode (nationality_id, episode_id) VALUES (75, 84);
INSERT INTO Nationality_Episode (nationality_id, episode_id) VALUES (110, 84);
INSERT INTO Nationality_Episode (nationality_id, episode_id) VALUES (56, 84);
INSERT INTO Nationality_Episode (nationality_id, episode_id) VALUES (177, 84);
INSERT INTO Nationality_Episode (nationality_id, episode_id) VALUES (119, 84);
INSERT INTO Nationality_Episode (nationality_id, episode_id) VALUES (146, 84);
INSERT INTO Nationality_Episode (nationality_id, episode_id) VALUES (125, 84);
INSERT INTO Cook_Episode_Judge (episode_id, cook_id, judge_number) VALUES (84, 78, 1);
INSERT INTO Cook_Episode_Judge (episode_id, cook_id, judge_number) VALUES (84, 62, 2);
INSERT INTO Cook_Episode_Judge (episode_id, cook_id, judge_number) VALUES (84, 42, 3);
INSERT INTO Image (image_url, description) VALUES ('/data_generation/episode_data_generation/images/season_9_episode_5.png', 'This is an image for Episode 5 Season 9');


INSERT INTO Episode (episode_id, season, name, image_id, winner) 
                        VALUES (85, 9, 5, 1298, 62);

INSERT INTO Cook_Episode_Contestants (episode_id, cook_id, recipe_id, rating_1, rating_2, rating_3) 
                        VALUES (85, 46, 62, 2, 1, 5);
INSERT INTO Cook_Episode_Contestants (episode_id, cook_id, recipe_id, rating_1, rating_2, rating_3) 
                        VALUES (85, 76, 29, 2, 3, 2);
INSERT INTO Cook_Episode_Contestants (episode_id, cook_id, recipe_id, rating_1, rating_2, rating_3) 
                        VALUES (85, 12, 40, 2, 4, 4);
INSERT INTO Cook_Episode_Contestants (episode_id, cook_id, recipe_id, rating_1, rating_2, rating_3) 
                        VALUES (85, 15, 44, 2, 1, 4);
INSERT INTO Cook_Episode_Contestants (episode_id, cook_id, recipe_id, rating_1, rating_2, rating_3) 
                        VALUES (85, 1, 98, 4, 1, 2);
INSERT INTO Cook_Episode_Contestants (episode_id, cook_id, recipe_id, rating_1, rating_2, rating_3) 
                        VALUES (85, 60, 35, 3, 3, 1);
INSERT INTO Cook_Episode_Contestants (episode_id, cook_id, recipe_id, rating_1, rating_2, rating_3) 
                        VALUES (85, 38, 47, 5, 2, 5);
INSERT INTO Cook_Episode_Contestants (episode_id, cook_id, recipe_id, rating_1, rating_2, rating_3) 
                        VALUES (85, 86, 52, 3, 2, 1);
INSERT INTO Cook_Episode_Contestants (episode_id, cook_id, recipe_id, rating_1, rating_2, rating_3) 
                        VALUES (85, 62, 26, 4, 5, 5);
INSERT INTO Cook_Episode_Contestants (episode_id, cook_id, recipe_id, rating_1, rating_2, rating_3) 
                        VALUES (85, 23, 17, 1, 3, 4);
INSERT INTO Nationality_Episode (nationality_id, episode_id) VALUES (61, 85);
INSERT INTO Nationality_Episode (nationality_id, episode_id) VALUES (146, 85);
INSERT INTO Nationality_Episode (nationality_id, episode_id) VALUES (177, 85);
INSERT INTO Nationality_Episode (nationality_id, episode_id) VALUES (103, 85);
INSERT INTO Nationality_Episode (nationality_id, episode_id) VALUES (19, 85);
INSERT INTO Nationality_Episode (nationality_id, episode_id) VALUES (119, 85);
INSERT INTO Nationality_Episode (nationality_id, episode_id) VALUES (79, 85);
INSERT INTO Nationality_Episode (nationality_id, episode_id) VALUES (56, 85);
INSERT INTO Nationality_Episode (nationality_id, episode_id) VALUES (160, 85);
INSERT INTO Nationality_Episode (nationality_id, episode_id) VALUES (178, 85);
INSERT INTO Cook_Episode_Judge (episode_id, cook_id, judge_number) VALUES (85, 4, 1);
INSERT INTO Cook_Episode_Judge (episode_id, cook_id, judge_number) VALUES (85, 93, 2);
INSERT INTO Cook_Episode_Judge (episode_id, cook_id, judge_number) VALUES (85, 72, 3);
INSERT INTO Image (image_url, description) VALUES ('/data_generation/episode_data_generation/images/season_9_episode_6.png', 'This is an image for Episode 6 Season 9');


INSERT INTO Episode (episode_id, season, name, image_id, winner) 
                        VALUES (86, 9, 6, 1299, 77);

INSERT INTO Cook_Episode_Contestants (episode_id, cook_id, recipe_id, rating_1, rating_2, rating_3) 
                        VALUES (86, 15, 39, 2, 3, 2);
INSERT INTO Cook_Episode_Contestants (episode_id, cook_id, recipe_id, rating_1, rating_2, rating_3) 
                        VALUES (86, 47, 6, 1, 3, 3);
INSERT INTO Cook_Episode_Contestants (episode_id, cook_id, recipe_id, rating_1, rating_2, rating_3) 
                        VALUES (86, 98, 2, 2, 2, 5);
INSERT INTO Cook_Episode_Contestants (episode_id, cook_id, recipe_id, rating_1, rating_2, rating_3) 
                        VALUES (86, 77, 44, 5, 5, 3);
INSERT INTO Cook_Episode_Contestants (episode_id, cook_id, recipe_id, rating_1, rating_2, rating_3) 
                        VALUES (86, 35, 65, 2, 1, 5);
INSERT INTO Cook_Episode_Contestants (episode_id, cook_id, recipe_id, rating_1, rating_2, rating_3) 
                        VALUES (86, 82, 7, 1, 1, 1);
INSERT INTO Cook_Episode_Contestants (episode_id, cook_id, recipe_id, rating_1, rating_2, rating_3) 
                        VALUES (86, 67, 1, 2, 1, 2);
INSERT INTO Cook_Episode_Contestants (episode_id, cook_id, recipe_id, rating_1, rating_2, rating_3) 
                        VALUES (86, 8, 92, 2, 2, 5);
INSERT INTO Cook_Episode_Contestants (episode_id, cook_id, recipe_id, rating_1, rating_2, rating_3) 
                        VALUES (86, 42, 46, 5, 5, 3);
INSERT INTO Cook_Episode_Contestants (episode_id, cook_id, recipe_id, rating_1, rating_2, rating_3) 
                        VALUES (86, 6, 15, 5, 5, 1);
INSERT INTO Nationality_Episode (nationality_id, episode_id) VALUES (178, 86);
INSERT INTO Nationality_Episode (nationality_id, episode_id) VALUES (110, 86);
INSERT INTO Nationality_Episode (nationality_id, episode_id) VALUES (61, 86);
INSERT INTO Nationality_Episode (nationality_id, episode_id) VALUES (103, 86);
INSERT INTO Nationality_Episode (nationality_id, episode_id) VALUES (79, 86);
INSERT INTO Nationality_Episode (nationality_id, episode_id) VALUES (147, 86);
INSERT INTO Nationality_Episode (nationality_id, episode_id) VALUES (75, 86);
INSERT INTO Nationality_Episode (nationality_id, episode_id) VALUES (71, 86);
INSERT INTO Nationality_Episode (nationality_id, episode_id) VALUES (154, 86);
INSERT INTO Nationality_Episode (nationality_id, episode_id) VALUES (177, 86);
INSERT INTO Cook_Episode_Judge (episode_id, cook_id, judge_number) VALUES (86, 31, 1);
INSERT INTO Cook_Episode_Judge (episode_id, cook_id, judge_number) VALUES (86, 70, 2);
INSERT INTO Cook_Episode_Judge (episode_id, cook_id, judge_number) VALUES (86, 24, 3);
INSERT INTO Image (image_url, description) VALUES ('/data_generation/episode_data_generation/images/season_9_episode_7.png', 'This is an image for Episode 7 Season 9');


INSERT INTO Episode (episode_id, season, name, image_id, winner) 
                        VALUES (87, 9, 7, 1300, 90);

INSERT INTO Cook_Episode_Contestants (episode_id, cook_id, recipe_id, rating_1, rating_2, rating_3) 
                        VALUES (87, 13, 55, 5, 2, 2);
INSERT INTO Cook_Episode_Contestants (episode_id, cook_id, recipe_id, rating_1, rating_2, rating_3) 
                        VALUES (87, 6, 1, 3, 4, 3);
INSERT INTO Cook_Episode_Contestants (episode_id, cook_id, recipe_id, rating_1, rating_2, rating_3) 
                        VALUES (87, 92, 97, 3, 2, 2);
INSERT INTO Cook_Episode_Contestants (episode_id, cook_id, recipe_id, rating_1, rating_2, rating_3) 
                        VALUES (87, 49, 29, 1, 1, 2);
INSERT INTO Cook_Episode_Contestants (episode_id, cook_id, recipe_id, rating_1, rating_2, rating_3) 
                        VALUES (87, 10, 46, 3, 4, 3);
INSERT INTO Cook_Episode_Contestants (episode_id, cook_id, recipe_id, rating_1, rating_2, rating_3) 
                        VALUES (87, 79, 63, 3, 1, 4);
INSERT INTO Cook_Episode_Contestants (episode_id, cook_id, recipe_id, rating_1, rating_2, rating_3) 
                        VALUES (87, 90, 98, 5, 5, 2);
INSERT INTO Cook_Episode_Contestants (episode_id, cook_id, recipe_id, rating_1, rating_2, rating_3) 
                        VALUES (87, 78, 66, 2, 2, 5);
INSERT INTO Cook_Episode_Contestants (episode_id, cook_id, recipe_id, rating_1, rating_2, rating_3) 
                        VALUES (87, 37, 44, 1, 5, 3);
INSERT INTO Cook_Episode_Contestants (episode_id, cook_id, recipe_id, rating_1, rating_2, rating_3) 
                        VALUES (87, 54, 71, 3, 4, 1);
INSERT INTO Nationality_Episode (nationality_id, episode_id) VALUES (77, 87);
INSERT INTO Nationality_Episode (nationality_id, episode_id) VALUES (75, 87);
INSERT INTO Nationality_Episode (nationality_id, episode_id) VALUES (125, 87);
INSERT INTO Nationality_Episode (nationality_id, episode_id) VALUES (146, 87);
INSERT INTO Nationality_Episode (nationality_id, episode_id) VALUES (154, 87);
INSERT INTO Nationality_Episode (nationality_id, episode_id) VALUES (34, 87);
INSERT INTO Nationality_Episode (nationality_id, episode_id) VALUES (19, 87);
INSERT INTO Nationality_Episode (nationality_id, episode_id) VALUES (119, 87);
INSERT INTO Nationality_Episode (nationality_id, episode_id) VALUES (103, 87);
INSERT INTO Nationality_Episode (nationality_id, episode_id) VALUES (153, 87);
INSERT INTO Cook_Episode_Judge (episode_id, cook_id, judge_number) VALUES (87, 12, 1);
INSERT INTO Cook_Episode_Judge (episode_id, cook_id, judge_number) VALUES (87, 68, 2);
INSERT INTO Cook_Episode_Judge (episode_id, cook_id, judge_number) VALUES (87, 72, 3);
INSERT INTO Image (image_url, description) VALUES ('/data_generation/episode_data_generation/images/season_9_episode_8.png', 'This is an image for Episode 8 Season 9');


INSERT INTO Episode (episode_id, season, name, image_id, winner) 
                        VALUES (88, 9, 8, 1301, 95);

INSERT INTO Cook_Episode_Contestants (episode_id, cook_id, recipe_id, rating_1, rating_2, rating_3) 
                        VALUES (88, 23, 41, 1, 2, 5);
INSERT INTO Cook_Episode_Contestants (episode_id, cook_id, recipe_id, rating_1, rating_2, rating_3) 
                        VALUES (88, 64, 26, 1, 3, 4);
INSERT INTO Cook_Episode_Contestants (episode_id, cook_id, recipe_id, rating_1, rating_2, rating_3) 
                        VALUES (88, 35, 29, 1, 2, 3);
INSERT INTO Cook_Episode_Contestants (episode_id, cook_id, recipe_id, rating_1, rating_2, rating_3) 
                        VALUES (88, 38, 97, 3, 5, 1);
INSERT INTO Cook_Episode_Contestants (episode_id, cook_id, recipe_id, rating_1, rating_2, rating_3) 
                        VALUES (88, 83, 95, 4, 2, 1);
INSERT INTO Cook_Episode_Contestants (episode_id, cook_id, recipe_id, rating_1, rating_2, rating_3) 
                        VALUES (88, 86, 52, 2, 3, 2);
INSERT INTO Cook_Episode_Contestants (episode_id, cook_id, recipe_id, rating_1, rating_2, rating_3) 
                        VALUES (88, 95, 46, 5, 4, 3);
INSERT INTO Cook_Episode_Contestants (episode_id, cook_id, recipe_id, rating_1, rating_2, rating_3) 
                        VALUES (88, 59, 89, 1, 4, 1);
INSERT INTO Cook_Episode_Contestants (episode_id, cook_id, recipe_id, rating_1, rating_2, rating_3) 
                        VALUES (88, 62, 1, 1, 1, 2);
INSERT INTO Cook_Episode_Contestants (episode_id, cook_id, recipe_id, rating_1, rating_2, rating_3) 
                        VALUES (88, 49, 77, 3, 2, 1);
INSERT INTO Nationality_Episode (nationality_id, episode_id) VALUES (77, 88);
INSERT INTO Nationality_Episode (nationality_id, episode_id) VALUES (160, 88);
INSERT INTO Nationality_Episode (nationality_id, episode_id) VALUES (146, 88);
INSERT INTO Nationality_Episode (nationality_id, episode_id) VALUES (125, 88);
INSERT INTO Nationality_Episode (nationality_id, episode_id) VALUES (99, 88);
INSERT INTO Nationality_Episode (nationality_id, episode_id) VALUES (56, 88);
INSERT INTO Nationality_Episode (nationality_id, episode_id) VALUES (154, 88);
INSERT INTO Nationality_Episode (nationality_id, episode_id) VALUES (71, 88);
INSERT INTO Nationality_Episode (nationality_id, episode_id) VALUES (75, 88);
INSERT INTO Nationality_Episode (nationality_id, episode_id) VALUES (177, 88);
INSERT INTO Cook_Episode_Judge (episode_id, cook_id, judge_number) VALUES (88, 4, 1);
INSERT INTO Cook_Episode_Judge (episode_id, cook_id, judge_number) VALUES (88, 27, 2);
INSERT INTO Cook_Episode_Judge (episode_id, cook_id, judge_number) VALUES (88, 15, 3);
INSERT INTO Image (image_url, description) VALUES ('/data_generation/episode_data_generation/images/season_9_episode_9.png', 'This is an image for Episode 9 Season 9');


INSERT INTO Episode (episode_id, season, name, image_id, winner) 
                        VALUES (89, 9, 9, 1302, 66);

INSERT INTO Cook_Episode_Contestants (episode_id, cook_id, recipe_id, rating_1, rating_2, rating_3) 
                        VALUES (89, 66, 90, 3, 5, 5);
INSERT INTO Cook_Episode_Contestants (episode_id, cook_id, recipe_id, rating_1, rating_2, rating_3) 
                        VALUES (89, 44, 71, 5, 4, 1);
INSERT INTO Cook_Episode_Contestants (episode_id, cook_id, recipe_id, rating_1, rating_2, rating_3) 
                        VALUES (89, 52, 82, 2, 4, 4);
INSERT INTO Cook_Episode_Contestants (episode_id, cook_id, recipe_id, rating_1, rating_2, rating_3) 
                        VALUES (89, 47, 6, 5, 2, 3);
INSERT INTO Cook_Episode_Contestants (episode_id, cook_id, recipe_id, rating_1, rating_2, rating_3) 
                        VALUES (89, 21, 96, 4, 3, 3);
INSERT INTO Cook_Episode_Contestants (episode_id, cook_id, recipe_id, rating_1, rating_2, rating_3) 
                        VALUES (89, 9, 36, 4, 4, 2);
INSERT INTO Cook_Episode_Contestants (episode_id, cook_id, recipe_id, rating_1, rating_2, rating_3) 
                        VALUES (89, 94, 14, 3, 5, 2);
INSERT INTO Cook_Episode_Contestants (episode_id, cook_id, recipe_id, rating_1, rating_2, rating_3) 
                        VALUES (89, 56, 29, 1, 5, 5);
INSERT INTO Cook_Episode_Contestants (episode_id, cook_id, recipe_id, rating_1, rating_2, rating_3) 
                        VALUES (89, 1, 98, 2, 4, 2);
INSERT INTO Cook_Episode_Contestants (episode_id, cook_id, recipe_id, rating_1, rating_2, rating_3) 
                        VALUES (89, 79, 7, 2, 3, 2);
INSERT INTO Nationality_Episode (nationality_id, episode_id) VALUES (71, 89);
INSERT INTO Nationality_Episode (nationality_id, episode_id) VALUES (153, 89);
INSERT INTO Nationality_Episode (nationality_id, episode_id) VALUES (56, 89);
INSERT INTO Nationality_Episode (nationality_id, episode_id) VALUES (110, 89);
INSERT INTO Nationality_Episode (nationality_id, episode_id) VALUES (160, 89);
INSERT INTO Nationality_Episode (nationality_id, episode_id) VALUES (177, 89);
INSERT INTO Nationality_Episode (nationality_id, episode_id) VALUES (178, 89);
INSERT INTO Nationality_Episode (nationality_id, episode_id) VALUES (146, 89);
INSERT INTO Nationality_Episode (nationality_id, episode_id) VALUES (19, 89);
INSERT INTO Nationality_Episode (nationality_id, episode_id) VALUES (147, 89);
INSERT INTO Cook_Episode_Judge (episode_id, cook_id, judge_number) VALUES (89, 48, 1);
INSERT INTO Cook_Episode_Judge (episode_id, cook_id, judge_number) VALUES (89, 60, 2);
INSERT INTO Cook_Episode_Judge (episode_id, cook_id, judge_number) VALUES (89, 100, 3);
INSERT INTO Image (image_url, description) VALUES ('/data_generation/episode_data_generation/images/season_9_episode_10.png', 'This is an image for Episode 10 Season 9');


INSERT INTO Episode (episode_id, season, name, image_id, winner) 
                        VALUES (90, 9, 10, 1303, 23);

INSERT INTO Cook_Episode_Contestants (episode_id, cook_id, recipe_id, rating_1, rating_2, rating_3) 
                        VALUES (90, 73, 95, 2, 5, 1);
INSERT INTO Cook_Episode_Contestants (episode_id, cook_id, recipe_id, rating_1, rating_2, rating_3) 
                        VALUES (90, 5, 47, 2, 3, 2);
INSERT INTO Cook_Episode_Contestants (episode_id, cook_id, recipe_id, rating_1, rating_2, rating_3) 
                        VALUES (90, 56, 96, 3, 3, 5);
INSERT INTO Cook_Episode_Contestants (episode_id, cook_id, recipe_id, rating_1, rating_2, rating_3) 
                        VALUES (90, 92, 97, 3, 4, 3);
INSERT INTO Cook_Episode_Contestants (episode_id, cook_id, recipe_id, rating_1, rating_2, rating_3) 
                        VALUES (90, 96, 4, 3, 2, 4);
INSERT INTO Cook_Episode_Contestants (episode_id, cook_id, recipe_id, rating_1, rating_2, rating_3) 
                        VALUES (90, 66, 35, 1, 3, 3);
INSERT INTO Cook_Episode_Contestants (episode_id, cook_id, recipe_id, rating_1, rating_2, rating_3) 
                        VALUES (90, 77, 44, 4, 2, 3);
INSERT INTO Cook_Episode_Contestants (episode_id, cook_id, recipe_id, rating_1, rating_2, rating_3) 
                        VALUES (90, 23, 46, 2, 5, 5);
INSERT INTO Cook_Episode_Contestants (episode_id, cook_id, recipe_id, rating_1, rating_2, rating_3) 
                        VALUES (90, 13, 18, 1, 3, 4);
INSERT INTO Cook_Episode_Contestants (episode_id, cook_id, recipe_id, rating_1, rating_2, rating_3) 
                        VALUES (90, 27, 62, 3, 1, 3);
INSERT INTO Nationality_Episode (nationality_id, episode_id) VALUES (99, 90);
INSERT INTO Nationality_Episode (nationality_id, episode_id) VALUES (79, 90);
INSERT INTO Nationality_Episode (nationality_id, episode_id) VALUES (160, 90);
INSERT INTO Nationality_Episode (nationality_id, episode_id) VALUES (125, 90);
INSERT INTO Nationality_Episode (nationality_id, episode_id) VALUES (71, 90);
INSERT INTO Nationality_Episode (nationality_id, episode_id) VALUES (119, 90);
INSERT INTO Nationality_Episode (nationality_id, episode_id) VALUES (103, 90);
INSERT INTO Nationality_Episode (nationality_id, episode_id) VALUES (154, 90);
INSERT INTO Nationality_Episode (nationality_id, episode_id) VALUES (178, 90);
INSERT INTO Nationality_Episode (nationality_id, episode_id) VALUES (61, 90);
INSERT INTO Cook_Episode_Judge (episode_id, cook_id, judge_number) VALUES (90, 86, 1);
INSERT INTO Cook_Episode_Judge (episode_id, cook_id, judge_number) VALUES (90, 98, 2);
INSERT INTO Cook_Episode_Judge (episode_id, cook_id, judge_number) VALUES (90, 68, 3);
INSERT INTO Image (image_url, description) VALUES ('/data_generation/episode_data_generation/images/season_10_episode_1.png', 'This is an image for Episode 1 Season 10');


INSERT INTO Episode (episode_id, season, name, image_id, winner) 
                        VALUES (91, 10, 1, 1304, 21);

INSERT INTO Cook_Episode_Contestants (episode_id, cook_id, recipe_id, rating_1, rating_2, rating_3) 
                        VALUES (91, 21, 39, 5, 4, 3);
INSERT INTO Cook_Episode_Contestants (episode_id, cook_id, recipe_id, rating_1, rating_2, rating_3) 
                        VALUES (91, 75, 29, 4, 2, 3);
INSERT INTO Cook_Episode_Contestants (episode_id, cook_id, recipe_id, rating_1, rating_2, rating_3) 
                        VALUES (91, 58, 52, 5, 1, 5);
INSERT INTO Cook_Episode_Contestants (episode_id, cook_id, recipe_id, rating_1, rating_2, rating_3) 
                        VALUES (91, 91, 63, 5, 5, 2);
INSERT INTO Cook_Episode_Contestants (episode_id, cook_id, recipe_id, rating_1, rating_2, rating_3) 
                        VALUES (91, 63, 1, 1, 1, 2);
INSERT INTO Cook_Episode_Contestants (episode_id, cook_id, recipe_id, rating_1, rating_2, rating_3) 
                        VALUES (91, 10, 46, 1, 4, 5);
INSERT INTO Cook_Episode_Contestants (episode_id, cook_id, recipe_id, rating_1, rating_2, rating_3) 
                        VALUES (91, 71, 66, 1, 5, 5);
INSERT INTO Cook_Episode_Contestants (episode_id, cook_id, recipe_id, rating_1, rating_2, rating_3) 
                        VALUES (91, 86, 7, 2, 5, 4);
INSERT INTO Cook_Episode_Contestants (episode_id, cook_id, recipe_id, rating_1, rating_2, rating_3) 
                        VALUES (91, 47, 6, 3, 4, 2);
INSERT INTO Cook_Episode_Contestants (episode_id, cook_id, recipe_id, rating_1, rating_2, rating_3) 
                        VALUES (91, 80, 55, 4, 4, 4);
INSERT INTO Nationality_Episode (nationality_id, episode_id) VALUES (178, 91);
INSERT INTO Nationality_Episode (nationality_id, episode_id) VALUES (146, 91);
INSERT INTO Nationality_Episode (nationality_id, episode_id) VALUES (56, 91);
INSERT INTO Nationality_Episode (nationality_id, episode_id) VALUES (34, 91);
INSERT INTO Nationality_Episode (nationality_id, episode_id) VALUES (75, 91);
INSERT INTO Nationality_Episode (nationality_id, episode_id) VALUES (154, 91);
INSERT INTO Nationality_Episode (nationality_id, episode_id) VALUES (119, 91);
INSERT INTO Nationality_Episode (nationality_id, episode_id) VALUES (147, 91);
INSERT INTO Nationality_Episode (nationality_id, episode_id) VALUES (110, 91);
INSERT INTO Nationality_Episode (nationality_id, episode_id) VALUES (77, 91);
INSERT INTO Cook_Episode_Judge (episode_id, cook_id, judge_number) VALUES (91, 88, 1);
INSERT INTO Cook_Episode_Judge (episode_id, cook_id, judge_number) VALUES (91, 12, 2);
INSERT INTO Cook_Episode_Judge (episode_id, cook_id, judge_number) VALUES (91, 73, 3);
INSERT INTO Image (image_url, description) VALUES ('/data_generation/episode_data_generation/images/season_10_episode_2.png', 'This is an image for Episode 2 Season 10');


INSERT INTO Episode (episode_id, season, name, image_id, winner) 
                        VALUES (92, 10, 2, 1305, 13);

INSERT INTO Cook_Episode_Contestants (episode_id, cook_id, recipe_id, rating_1, rating_2, rating_3) 
                        VALUES (92, 91, 2, 1, 2, 5);
INSERT INTO Cook_Episode_Contestants (episode_id, cook_id, recipe_id, rating_1, rating_2, rating_3) 
                        VALUES (92, 99, 8, 4, 5, 2);
INSERT INTO Cook_Episode_Contestants (episode_id, cook_id, recipe_id, rating_1, rating_2, rating_3) 
                        VALUES (92, 63, 52, 3, 1, 4);
INSERT INTO Cook_Episode_Contestants (episode_id, cook_id, recipe_id, rating_1, rating_2, rating_3) 
                        VALUES (92, 55, 63, 3, 1, 2);
INSERT INTO Cook_Episode_Contestants (episode_id, cook_id, recipe_id, rating_1, rating_2, rating_3) 
                        VALUES (92, 83, 95, 5, 5, 2);
INSERT INTO Cook_Episode_Contestants (episode_id, cook_id, recipe_id, rating_1, rating_2, rating_3) 
                        VALUES (92, 26, 46, 1, 4, 4);
INSERT INTO Cook_Episode_Contestants (episode_id, cook_id, recipe_id, rating_1, rating_2, rating_3) 
                        VALUES (92, 50, 1, 4, 3, 2);
INSERT INTO Cook_Episode_Contestants (episode_id, cook_id, recipe_id, rating_1, rating_2, rating_3) 
                        VALUES (92, 47, 56, 2, 3, 2);
INSERT INTO Cook_Episode_Contestants (episode_id, cook_id, recipe_id, rating_1, rating_2, rating_3) 
                        VALUES (92, 64, 44, 5, 3, 1);
INSERT INTO Cook_Episode_Contestants (episode_id, cook_id, recipe_id, rating_1, rating_2, rating_3) 
                        VALUES (92, 13, 96, 5, 3, 4);
INSERT INTO Nationality_Episode (nationality_id, episode_id) VALUES (61, 92);
INSERT INTO Nationality_Episode (nationality_id, episode_id) VALUES (147, 92);
INSERT INTO Nationality_Episode (nationality_id, episode_id) VALUES (56, 92);
INSERT INTO Nationality_Episode (nationality_id, episode_id) VALUES (34, 92);
INSERT INTO Nationality_Episode (nationality_id, episode_id) VALUES (99, 92);
INSERT INTO Nationality_Episode (nationality_id, episode_id) VALUES (154, 92);
INSERT INTO Nationality_Episode (nationality_id, episode_id) VALUES (75, 92);
INSERT INTO Nationality_Episode (nationality_id, episode_id) VALUES (77, 92);
INSERT INTO Nationality_Episode (nationality_id, episode_id) VALUES (103, 92);
INSERT INTO Nationality_Episode (nationality_id, episode_id) VALUES (160, 92);
INSERT INTO Cook_Episode_Judge (episode_id, cook_id, judge_number) VALUES (92, 81, 1);
INSERT INTO Cook_Episode_Judge (episode_id, cook_id, judge_number) VALUES (92, 58, 2);
INSERT INTO Cook_Episode_Judge (episode_id, cook_id, judge_number) VALUES (92, 93, 3);
INSERT INTO Image (image_url, description) VALUES ('/data_generation/episode_data_generation/images/season_10_episode_3.png', 'This is an image for Episode 3 Season 10');


INSERT INTO Episode (episode_id, season, name, image_id, winner) 
                        VALUES (93, 10, 3, 1306, 69);

INSERT INTO Cook_Episode_Contestants (episode_id, cook_id, recipe_id, rating_1, rating_2, rating_3) 
                        VALUES (93, 9, 47, 5, 1, 3);
INSERT INTO Cook_Episode_Contestants (episode_id, cook_id, recipe_id, rating_1, rating_2, rating_3) 
                        VALUES (93, 98, 62, 1, 4, 1);
INSERT INTO Cook_Episode_Contestants (episode_id, cook_id, recipe_id, rating_1, rating_2, rating_3) 
                        VALUES (93, 69, 56, 5, 2, 5);
INSERT INTO Cook_Episode_Contestants (episode_id, cook_id, recipe_id, rating_1, rating_2, rating_3) 
                        VALUES (93, 18, 8, 1, 5, 3);
INSERT INTO Cook_Episode_Contestants (episode_id, cook_id, recipe_id, rating_1, rating_2, rating_3) 
                        VALUES (93, 52, 71, 1, 2, 3);
INSERT INTO Cook_Episode_Contestants (episode_id, cook_id, recipe_id, rating_1, rating_2, rating_3) 
                        VALUES (93, 83, 95, 2, 2, 1);
INSERT INTO Cook_Episode_Contestants (episode_id, cook_id, recipe_id, rating_1, rating_2, rating_3) 
                        VALUES (93, 40, 26, 2, 5, 4);
INSERT INTO Cook_Episode_Contestants (episode_id, cook_id, recipe_id, rating_1, rating_2, rating_3) 
                        VALUES (93, 92, 35, 2, 1, 2);
INSERT INTO Cook_Episode_Contestants (episode_id, cook_id, recipe_id, rating_1, rating_2, rating_3) 
                        VALUES (93, 47, 6, 3, 3, 4);
INSERT INTO Cook_Episode_Contestants (episode_id, cook_id, recipe_id, rating_1, rating_2, rating_3) 
                        VALUES (93, 38, 97, 3, 1, 5);
INSERT INTO Nationality_Episode (nationality_id, episode_id) VALUES (79, 93);
INSERT INTO Nationality_Episode (nationality_id, episode_id) VALUES (61, 93);
INSERT INTO Nationality_Episode (nationality_id, episode_id) VALUES (77, 93);
INSERT INTO Nationality_Episode (nationality_id, episode_id) VALUES (147, 93);
INSERT INTO Nationality_Episode (nationality_id, episode_id) VALUES (153, 93);
INSERT INTO Nationality_Episode (nationality_id, episode_id) VALUES (99, 93);
INSERT INTO Nationality_Episode (nationality_id, episode_id) VALUES (160, 93);
INSERT INTO Nationality_Episode (nationality_id, episode_id) VALUES (119, 93);
INSERT INTO Nationality_Episode (nationality_id, episode_id) VALUES (110, 93);
INSERT INTO Nationality_Episode (nationality_id, episode_id) VALUES (125, 93);
INSERT INTO Cook_Episode_Judge (episode_id, cook_id, judge_number) VALUES (93, 43, 1);
INSERT INTO Cook_Episode_Judge (episode_id, cook_id, judge_number) VALUES (93, 91, 2);
INSERT INTO Cook_Episode_Judge (episode_id, cook_id, judge_number) VALUES (93, 82, 3);
INSERT INTO Image (image_url, description) VALUES ('/data_generation/episode_data_generation/images/season_10_episode_4.png', 'This is an image for Episode 4 Season 10');


INSERT INTO Episode (episode_id, season, name, image_id, winner) 
                        VALUES (94, 10, 4, 1307, 61);

INSERT INTO Cook_Episode_Contestants (episode_id, cook_id, recipe_id, rating_1, rating_2, rating_3) 
                        VALUES (94, 97, 35, 4, 1, 2);
INSERT INTO Cook_Episode_Contestants (episode_id, cook_id, recipe_id, rating_1, rating_2, rating_3) 
                        VALUES (94, 17, 38, 5, 2, 3);
INSERT INTO Cook_Episode_Contestants (episode_id, cook_id, recipe_id, rating_1, rating_2, rating_3) 
                        VALUES (94, 61, 96, 5, 4, 5);
INSERT INTO Cook_Episode_Contestants (episode_id, cook_id, recipe_id, rating_1, rating_2, rating_3) 
                        VALUES (94, 68, 58, 5, 5, 3);
INSERT INTO Cook_Episode_Contestants (episode_id, cook_id, recipe_id, rating_1, rating_2, rating_3) 
                        VALUES (94, 78, 97, 2, 1, 3);
INSERT INTO Cook_Episode_Contestants (episode_id, cook_id, recipe_id, rating_1, rating_2, rating_3) 
                        VALUES (94, 40, 82, 2, 2, 1);
INSERT INTO Cook_Episode_Contestants (episode_id, cook_id, recipe_id, rating_1, rating_2, rating_3) 
                        VALUES (94, 96, 29, 2, 2, 5);
INSERT INTO Cook_Episode_Contestants (episode_id, cook_id, recipe_id, rating_1, rating_2, rating_3) 
                        VALUES (94, 73, 1, 2, 4, 3);
INSERT INTO Cook_Episode_Contestants (episode_id, cook_id, recipe_id, rating_1, rating_2, rating_3) 
                        VALUES (94, 23, 63, 5, 4, 3);
INSERT INTO Cook_Episode_Contestants (episode_id, cook_id, recipe_id, rating_1, rating_2, rating_3) 
                        VALUES (94, 33, 98, 4, 2, 5);
INSERT INTO Nationality_Episode (nationality_id, episode_id) VALUES (119, 94);
INSERT INTO Nationality_Episode (nationality_id, episode_id) VALUES (71, 94);
INSERT INTO Nationality_Episode (nationality_id, episode_id) VALUES (160, 94);
INSERT INTO Nationality_Episode (nationality_id, episode_id) VALUES (177, 94);
INSERT INTO Nationality_Episode (nationality_id, episode_id) VALUES (125, 94);
INSERT INTO Nationality_Episode (nationality_id, episode_id) VALUES (56, 94);
INSERT INTO Nationality_Episode (nationality_id, episode_id) VALUES (146, 94);
INSERT INTO Nationality_Episode (nationality_id, episode_id) VALUES (75, 94);
INSERT INTO Nationality_Episode (nationality_id, episode_id) VALUES (34, 94);
INSERT INTO Nationality_Episode (nationality_id, episode_id) VALUES (19, 94);
INSERT INTO Cook_Episode_Judge (episode_id, cook_id, judge_number) VALUES (94, 46, 1);
INSERT INTO Cook_Episode_Judge (episode_id, cook_id, judge_number) VALUES (94, 59, 2);
INSERT INTO Cook_Episode_Judge (episode_id, cook_id, judge_number) VALUES (94, 86, 3);
INSERT INTO Image (image_url, description) VALUES ('/data_generation/episode_data_generation/images/season_10_episode_5.png', 'This is an image for Episode 5 Season 10');


INSERT INTO Episode (episode_id, season, name, image_id, winner) 
                        VALUES (95, 10, 5, 1308, 13);

INSERT INTO Cook_Episode_Contestants (episode_id, cook_id, recipe_id, rating_1, rating_2, rating_3) 
                        VALUES (95, 54, 71, 4, 4, 4);
INSERT INTO Cook_Episode_Contestants (episode_id, cook_id, recipe_id, rating_1, rating_2, rating_3) 
                        VALUES (95, 57, 12, 2, 3, 5);
INSERT INTO Cook_Episode_Contestants (episode_id, cook_id, recipe_id, rating_1, rating_2, rating_3) 
                        VALUES (95, 27, 62, 3, 4, 4);
INSERT INTO Cook_Episode_Contestants (episode_id, cook_id, recipe_id, rating_1, rating_2, rating_3) 
                        VALUES (95, 80, 78, 2, 3, 3);
INSERT INTO Cook_Episode_Contestants (episode_id, cook_id, recipe_id, rating_1, rating_2, rating_3) 
                        VALUES (95, 90, 98, 2, 2, 3);
INSERT INTO Cook_Episode_Contestants (episode_id, cook_id, recipe_id, rating_1, rating_2, rating_3) 
                        VALUES (95, 77, 64, 5, 5, 1);
INSERT INTO Cook_Episode_Contestants (episode_id, cook_id, recipe_id, rating_1, rating_2, rating_3) 
                        VALUES (95, 13, 46, 3, 5, 5);
INSERT INTO Cook_Episode_Contestants (episode_id, cook_id, recipe_id, rating_1, rating_2, rating_3) 
                        VALUES (95, 28, 27, 3, 2, 3);
INSERT INTO Cook_Episode_Contestants (episode_id, cook_id, recipe_id, rating_1, rating_2, rating_3) 
                        VALUES (95, 72, 44, 3, 1, 5);
INSERT INTO Cook_Episode_Contestants (episode_id, cook_id, recipe_id, rating_1, rating_2, rating_3) 
                        VALUES (95, 92, 97, 5, 2, 1);
INSERT INTO Nationality_Episode (nationality_id, episode_id) VALUES (153, 95);
INSERT INTO Nationality_Episode (nationality_id, episode_id) VALUES (177, 95);
INSERT INTO Nationality_Episode (nationality_id, episode_id) VALUES (61, 95);
INSERT INTO Nationality_Episode (nationality_id, episode_id) VALUES (147, 95);
INSERT INTO Nationality_Episode (nationality_id, episode_id) VALUES (19, 95);
INSERT INTO Nationality_Episode (nationality_id, episode_id) VALUES (71, 95);
INSERT INTO Nationality_Episode (nationality_id, episode_id) VALUES (154, 95);
INSERT INTO Nationality_Episode (nationality_id, episode_id) VALUES (79, 95);
INSERT INTO Nationality_Episode (nationality_id, episode_id) VALUES (103, 95);
INSERT INTO Nationality_Episode (nationality_id, episode_id) VALUES (125, 95);
INSERT INTO Cook_Episode_Judge (episode_id, cook_id, judge_number) VALUES (95, 99, 1);
INSERT INTO Cook_Episode_Judge (episode_id, cook_id, judge_number) VALUES (95, 66, 2);
INSERT INTO Cook_Episode_Judge (episode_id, cook_id, judge_number) VALUES (95, 53, 3);
INSERT INTO Image (image_url, description) VALUES ('/data_generation/episode_data_generation/images/season_10_episode_6.png', 'This is an image for Episode 6 Season 10');


INSERT INTO Episode (episode_id, season, name, image_id, winner) 
                        VALUES (96, 10, 6, 1309, 70);

INSERT INTO Cook_Episode_Contestants (episode_id, cook_id, recipe_id, rating_1, rating_2, rating_3) 
                        VALUES (96, 59, 90, 4, 3, 4);
INSERT INTO Cook_Episode_Contestants (episode_id, cook_id, recipe_id, rating_1, rating_2, rating_3) 
                        VALUES (96, 13, 71, 2, 2, 3);
INSERT INTO Cook_Episode_Contestants (episode_id, cook_id, recipe_id, rating_1, rating_2, rating_3) 
                        VALUES (96, 3, 98, 2, 1, 1);
INSERT INTO Cook_Episode_Contestants (episode_id, cook_id, recipe_id, rating_1, rating_2, rating_3) 
                        VALUES (96, 85, 13, 1, 1, 4);
INSERT INTO Cook_Episode_Contestants (episode_id, cook_id, recipe_id, rating_1, rating_2, rating_3) 
                        VALUES (96, 70, 46, 5, 4, 2);
INSERT INTO Cook_Episode_Contestants (episode_id, cook_id, recipe_id, rating_1, rating_2, rating_3) 
                        VALUES (96, 47, 6, 1, 3, 1);
INSERT INTO Cook_Episode_Contestants (episode_id, cook_id, recipe_id, rating_1, rating_2, rating_3) 
                        VALUES (96, 25, 35, 1, 2, 2);
INSERT INTO Cook_Episode_Contestants (episode_id, cook_id, recipe_id, rating_1, rating_2, rating_3) 
                        VALUES (96, 92, 1, 3, 4, 2);
INSERT INTO Cook_Episode_Contestants (episode_id, cook_id, recipe_id, rating_1, rating_2, rating_3) 
                        VALUES (96, 75, 29, 5, 3, 1);
INSERT INTO Cook_Episode_Contestants (episode_id, cook_id, recipe_id, rating_1, rating_2, rating_3) 
                        VALUES (96, 5, 96, 1, 4, 5);
INSERT INTO Nationality_Episode (nationality_id, episode_id) VALUES (71, 96);
INSERT INTO Nationality_Episode (nationality_id, episode_id) VALUES (153, 96);
INSERT INTO Nationality_Episode (nationality_id, episode_id) VALUES (19, 96);
INSERT INTO Nationality_Episode (nationality_id, episode_id) VALUES (177, 96);
INSERT INTO Nationality_Episode (nationality_id, episode_id) VALUES (154, 96);
INSERT INTO Nationality_Episode (nationality_id, episode_id) VALUES (110, 96);
INSERT INTO Nationality_Episode (nationality_id, episode_id) VALUES (119, 96);
INSERT INTO Nationality_Episode (nationality_id, episode_id) VALUES (75, 96);
INSERT INTO Nationality_Episode (nationality_id, episode_id) VALUES (146, 96);
INSERT INTO Nationality_Episode (nationality_id, episode_id) VALUES (160, 96);
INSERT INTO Cook_Episode_Judge (episode_id, cook_id, judge_number) VALUES (96, 73, 1);
INSERT INTO Cook_Episode_Judge (episode_id, cook_id, judge_number) VALUES (96, 67, 2);
INSERT INTO Cook_Episode_Judge (episode_id, cook_id, judge_number) VALUES (96, 28, 3);
INSERT INTO Image (image_url, description) VALUES ('/data_generation/episode_data_generation/images/season_10_episode_7.png', 'This is an image for Episode 7 Season 10');


INSERT INTO Episode (episode_id, season, name, image_id, winner) 
                        VALUES (97, 10, 7, 1310, 24);

INSERT INTO Cook_Episode_Contestants (episode_id, cook_id, recipe_id, rating_1, rating_2, rating_3) 
                        VALUES (97, 24, 1, 5, 4, 4);
INSERT INTO Cook_Episode_Contestants (episode_id, cook_id, recipe_id, rating_1, rating_2, rating_3) 
                        VALUES (97, 45, 29, 1, 1, 5);
INSERT INTO Cook_Episode_Contestants (episode_id, cook_id, recipe_id, rating_1, rating_2, rating_3) 
                        VALUES (97, 47, 99, 4, 5, 2);
INSERT INTO Cook_Episode_Contestants (episode_id, cook_id, recipe_id, rating_1, rating_2, rating_3) 
                        VALUES (97, 36, 66, 5, 2, 2);
INSERT INTO Cook_Episode_Contestants (episode_id, cook_id, recipe_id, rating_1, rating_2, rating_3) 
                        VALUES (97, 87, 44, 3, 5, 2);
INSERT INTO Cook_Episode_Contestants (episode_id, cook_id, recipe_id, rating_1, rating_2, rating_3) 
                        VALUES (97, 30, 62, 4, 3, 1);
INSERT INTO Cook_Episode_Contestants (episode_id, cook_id, recipe_id, rating_1, rating_2, rating_3) 
                        VALUES (97, 23, 74, 5, 3, 2);
INSERT INTO Cook_Episode_Contestants (episode_id, cook_id, recipe_id, rating_1, rating_2, rating_3) 
                        VALUES (97, 67, 50, 4, 1, 4);
INSERT INTO Cook_Episode_Contestants (episode_id, cook_id, recipe_id, rating_1, rating_2, rating_3) 
                        VALUES (97, 76, 46, 3, 4, 5);
INSERT INTO Cook_Episode_Contestants (episode_id, cook_id, recipe_id, rating_1, rating_2, rating_3) 
                        VALUES (97, 64, 26, 2, 4, 3);
INSERT INTO Nationality_Episode (nationality_id, episode_id) VALUES (75, 97);
INSERT INTO Nationality_Episode (nationality_id, episode_id) VALUES (146, 97);
INSERT INTO Nationality_Episode (nationality_id, episode_id) VALUES (147, 97);
INSERT INTO Nationality_Episode (nationality_id, episode_id) VALUES (119, 97);
INSERT INTO Nationality_Episode (nationality_id, episode_id) VALUES (103, 97);
INSERT INTO Nationality_Episode (nationality_id, episode_id) VALUES (61, 97);
INSERT INTO Nationality_Episode (nationality_id, episode_id) VALUES (56, 97);
INSERT INTO Nationality_Episode (nationality_id, episode_id) VALUES (178, 97);
INSERT INTO Nationality_Episode (nationality_id, episode_id) VALUES (154, 97);
INSERT INTO Nationality_Episode (nationality_id, episode_id) VALUES (160, 97);
INSERT INTO Cook_Episode_Judge (episode_id, cook_id, judge_number) VALUES (97, 20, 1);
INSERT INTO Cook_Episode_Judge (episode_id, cook_id, judge_number) VALUES (97, 100, 2);
INSERT INTO Cook_Episode_Judge (episode_id, cook_id, judge_number) VALUES (97, 25, 3);
INSERT INTO Image (image_url, description) VALUES ('/data_generation/episode_data_generation/images/season_10_episode_8.png', 'This is an image for Episode 8 Season 10');


INSERT INTO Episode (episode_id, season, name, image_id, winner) 
                        VALUES (98, 10, 8, 1311, 81);

INSERT INTO Cook_Episode_Contestants (episode_id, cook_id, recipe_id, rating_1, rating_2, rating_3) 
                        VALUES (98, 42, 28, 4, 3, 2);
INSERT INTO Cook_Episode_Contestants (episode_id, cook_id, recipe_id, rating_1, rating_2, rating_3) 
                        VALUES (98, 64, 1, 2, 3, 4);
INSERT INTO Cook_Episode_Contestants (episode_id, cook_id, recipe_id, rating_1, rating_2, rating_3) 
                        VALUES (98, 81, 94, 4, 5, 5);
INSERT INTO Cook_Episode_Contestants (episode_id, cook_id, recipe_id, rating_1, rating_2, rating_3) 
                        VALUES (98, 2, 26, 2, 5, 1);
INSERT INTO Cook_Episode_Contestants (episode_id, cook_id, recipe_id, rating_1, rating_2, rating_3) 
                        VALUES (98, 47, 6, 3, 2, 1);
INSERT INTO Cook_Episode_Contestants (episode_id, cook_id, recipe_id, rating_1, rating_2, rating_3) 
                        VALUES (98, 54, 71, 2, 3, 2);
INSERT INTO Cook_Episode_Contestants (episode_id, cook_id, recipe_id, rating_1, rating_2, rating_3) 
                        VALUES (98, 83, 95, 3, 1, 1);
INSERT INTO Cook_Episode_Contestants (episode_id, cook_id, recipe_id, rating_1, rating_2, rating_3) 
                        VALUES (98, 43, 2, 4, 2, 4);
INSERT INTO Cook_Episode_Contestants (episode_id, cook_id, recipe_id, rating_1, rating_2, rating_3) 
                        VALUES (98, 15, 69, 5, 4, 4);
INSERT INTO Cook_Episode_Contestants (episode_id, cook_id, recipe_id, rating_1, rating_2, rating_3) 
                        VALUES (98, 72, 66, 4, 3, 5);
INSERT INTO Nationality_Episode (nationality_id, episode_id) VALUES (71, 98);
INSERT INTO Nationality_Episode (nationality_id, episode_id) VALUES (75, 98);
INSERT INTO Nationality_Episode (nationality_id, episode_id) VALUES (177, 98);
INSERT INTO Nationality_Episode (nationality_id, episode_id) VALUES (160, 98);
INSERT INTO Nationality_Episode (nationality_id, episode_id) VALUES (110, 98);
INSERT INTO Nationality_Episode (nationality_id, episode_id) VALUES (153, 98);
INSERT INTO Nationality_Episode (nationality_id, episode_id) VALUES (99, 98);
INSERT INTO Nationality_Episode (nationality_id, episode_id) VALUES (61, 98);
INSERT INTO Nationality_Episode (nationality_id, episode_id) VALUES (56, 98);
INSERT INTO Nationality_Episode (nationality_id, episode_id) VALUES (119, 98);
INSERT INTO Cook_Episode_Judge (episode_id, cook_id, judge_number) VALUES (98, 32, 1);
INSERT INTO Cook_Episode_Judge (episode_id, cook_id, judge_number) VALUES (98, 11, 2);
INSERT INTO Cook_Episode_Judge (episode_id, cook_id, judge_number) VALUES (98, 75, 3);
INSERT INTO Image (image_url, description) VALUES ('/data_generation/episode_data_generation/images/season_10_episode_9.png', 'This is an image for Episode 9 Season 10');


INSERT INTO Episode (episode_id, season, name, image_id, winner) 
                        VALUES (99, 10, 9, 1312, 91);

INSERT INTO Cook_Episode_Contestants (episode_id, cook_id, recipe_id, rating_1, rating_2, rating_3) 
                        VALUES (99, 37, 63, 3, 2, 4);
INSERT INTO Cook_Episode_Contestants (episode_id, cook_id, recipe_id, rating_1, rating_2, rating_3) 
                        VALUES (99, 73, 17, 5, 5, 2);
INSERT INTO Cook_Episode_Contestants (episode_id, cook_id, recipe_id, rating_1, rating_2, rating_3) 
                        VALUES (99, 60, 56, 3, 1, 1);
INSERT INTO Cook_Episode_Contestants (episode_id, cook_id, recipe_id, rating_1, rating_2, rating_3) 
                        VALUES (99, 1, 98, 3, 2, 1);
INSERT INTO Cook_Episode_Contestants (episode_id, cook_id, recipe_id, rating_1, rating_2, rating_3) 
                        VALUES (99, 35, 29, 1, 5, 1);
INSERT INTO Cook_Episode_Contestants (episode_id, cook_id, recipe_id, rating_1, rating_2, rating_3) 
                        VALUES (99, 55, 97, 2, 3, 3);
INSERT INTO Cook_Episode_Contestants (episode_id, cook_id, recipe_id, rating_1, rating_2, rating_3) 
                        VALUES (99, 67, 95, 4, 4, 3);
INSERT INTO Cook_Episode_Contestants (episode_id, cook_id, recipe_id, rating_1, rating_2, rating_3) 
                        VALUES (99, 52, 70, 5, 1, 1);
INSERT INTO Cook_Episode_Contestants (episode_id, cook_id, recipe_id, rating_1, rating_2, rating_3) 
                        VALUES (99, 91, 65, 5, 2, 5);
INSERT INTO Cook_Episode_Contestants (episode_id, cook_id, recipe_id, rating_1, rating_2, rating_3) 
                        VALUES (99, 25, 46, 1, 4, 1);
INSERT INTO Nationality_Episode (nationality_id, episode_id) VALUES (34, 99);
INSERT INTO Nationality_Episode (nationality_id, episode_id) VALUES (178, 99);
INSERT INTO Nationality_Episode (nationality_id, episode_id) VALUES (77, 99);
INSERT INTO Nationality_Episode (nationality_id, episode_id) VALUES (19, 99);
INSERT INTO Nationality_Episode (nationality_id, episode_id) VALUES (146, 99);
INSERT INTO Nationality_Episode (nationality_id, episode_id) VALUES (125, 99);
INSERT INTO Nationality_Episode (nationality_id, episode_id) VALUES (99, 99);
INSERT INTO Nationality_Episode (nationality_id, episode_id) VALUES (56, 99);
INSERT INTO Nationality_Episode (nationality_id, episode_id) VALUES (79, 99);
INSERT INTO Nationality_Episode (nationality_id, episode_id) VALUES (154, 99);
INSERT INTO Cook_Episode_Judge (episode_id, cook_id, judge_number) VALUES (99, 86, 1);
INSERT INTO Cook_Episode_Judge (episode_id, cook_id, judge_number) VALUES (99, 94, 2);
INSERT INTO Cook_Episode_Judge (episode_id, cook_id, judge_number) VALUES (99, 100, 3);
INSERT INTO Image (image_url, description) VALUES ('/data_generation/episode_data_generation/images/season_10_episode_10.png', 'This is an image for Episode 10 Season 10');


INSERT INTO Episode (episode_id, season, name, image_id, winner) 
                        VALUES (100, 10, 10, 1313, 69);

INSERT INTO Cook_Episode_Contestants (episode_id, cook_id, recipe_id, rating_1, rating_2, rating_3) 
                        VALUES (100, 69, 53, 2, 4, 5);
INSERT INTO Cook_Episode_Contestants (episode_id, cook_id, recipe_id, rating_1, rating_2, rating_3) 
                        VALUES (100, 68, 96, 2, 3, 4);
INSERT INTO Cook_Episode_Contestants (episode_id, cook_id, recipe_id, rating_1, rating_2, rating_3) 
                        VALUES (100, 83, 2, 5, 1, 5);
INSERT INTO Cook_Episode_Contestants (episode_id, cook_id, recipe_id, rating_1, rating_2, rating_3) 
                        VALUES (100, 24, 51, 3, 2, 5);
INSERT INTO Cook_Episode_Contestants (episode_id, cook_id, recipe_id, rating_1, rating_2, rating_3) 
                        VALUES (100, 36, 91, 5, 1, 1);
INSERT INTO Cook_Episode_Contestants (episode_id, cook_id, recipe_id, rating_1, rating_2, rating_3) 
                        VALUES (100, 40, 65, 1, 5, 1);
INSERT INTO Cook_Episode_Contestants (episode_id, cook_id, recipe_id, rating_1, rating_2, rating_3) 
                        VALUES (100, 5, 49, 5, 2, 3);
INSERT INTO Cook_Episode_Contestants (episode_id, cook_id, recipe_id, rating_1, rating_2, rating_3) 
                        VALUES (100, 3, 98, 5, 1, 5);
INSERT INTO Cook_Episode_Contestants (episode_id, cook_id, recipe_id, rating_1, rating_2, rating_3) 
                        VALUES (100, 44, 71, 1, 4, 4);
INSERT INTO Cook_Episode_Contestants (episode_id, cook_id, recipe_id, rating_1, rating_2, rating_3) 
                        VALUES (100, 73, 95, 1, 5, 4);
INSERT INTO Nationality_Episode (nationality_id, episode_id) VALUES (77, 100);
INSERT INTO Nationality_Episode (nationality_id, episode_id) VALUES (160, 100);
INSERT INTO Nationality_Episode (nationality_id, episode_id) VALUES (61, 100);
INSERT INTO Nationality_Episode (nationality_id, episode_id) VALUES (177, 100);
INSERT INTO Nationality_Episode (nationality_id, episode_id) VALUES (71, 100);
INSERT INTO Nationality_Episode (nationality_id, episode_id) VALUES (79, 100);
INSERT INTO Nationality_Episode (nationality_id, episode_id) VALUES (146, 100);
INSERT INTO Nationality_Episode (nationality_id, episode_id) VALUES (19, 100);
INSERT INTO Nationality_Episode (nationality_id, episode_id) VALUES (153, 100);
INSERT INTO Nationality_Episode (nationality_id, episode_id) VALUES (99, 100);
INSERT INTO Cook_Episode_Judge (episode_id, cook_id, judge_number) VALUES (100, 26, 1);
INSERT INTO Cook_Episode_Judge (episode_id, cook_id, judge_number) VALUES (100, 94, 2);
INSERT INTO Cook_Episode_Judge (episode_id, cook_id, judge_number) VALUES (100, 81, 3);
